sat,demand,gap,dead_health,moat,momentum,forced_buyer,viability,is_migrator,dead_pct,niche_n,niche_tp,niche_vel,display_name,author,tier,total_purchases,last_month,price_cents,rating,reviews
85,90,30,50,30,90,10,63,False,0.0,2,6880,88,Emipro Connector Engine,Emipro Technologies Pvt. Ltd.,WINNER,4841,80,2340,0.0,0
20,90,30,45,80,23,10,44,False,58.7,649,9805,76,Dashboard Ninja with AI,Ksolves India Ltd.,WINNER,3018,26,54611,5.0,188
85,90,30,50,30,90,10,63,False,0.0,1,2309,36,Droggol Theme Common,Droggol Infotech Private Limited,WINNER,2309,36,995,0.0,0
20,90,30,45,40,77,10,50,False,68.3,82,3134,73,Shopify Odoo Connector,Emipro Technologies Pvt. Ltd.,WINNER,2253,42,58383,5.0,259
85,90,30,50,30,90,10,63,False,0.0,2,6880,88,Emipro Theme Base,Emipro Technologies Pvt. Ltd.,WINNER,2039,8,4980,0.0,0
20,90,30,65,80,26,10,47,False,46.2,4170,77744,1030,Odoo WooCommerce Connector,Emipro Technologies Pvt. Ltd.,WINNER,1751,14,58383,5.0,119
20,90,30,65,80,26,10,47,False,46.2,4170,77744,1030,Odoo Direct Print PRO,VentorTech,WINNER,1729,35,23283,5.0,69
20,90,30,45,80,24,10,44,False,58.5,578,6701,112,Advanced Dashboard Ninja with AI,Ksolves India Ltd.,WINNER,1427,10,72044,5.0,52
20,90,30,45,80,24,10,44,False,58.5,578,6701,112,Advanced Web Domain Widget,Terabits Technolab,WINNER,1070,26,498,0.0,0
50,90,50,65,30,75,10,59,False,47.1,17,1221,35,Simplify Access Management,Terabits Technolab,WINNER,953,25,44611,5.0,13
20,90,50,45,80,15,10,45,False,62.4,6551,41572,326,Product QR Code Generator,Softhealer Technologies,WINNER,904,8,1170,0.0,0
20,90,50,65,80,18,10,48,False,48.4,1578,23967,225,All in one Dynamic Financial Reports v19,Pycus,WINNER,873,9,17550,5.0,22
50,65,30,85,40,54,70,57,True,31.8,22,2890,42,ChatRoom BASE Whatsapp - Messenger - Instagram. Live Chat. Real All in One with ChatGPT OpenAI and Sale Funnels. Online translator.,AcruxLab,WINNER,842,10,9878,5.0,14
20,90,30,65,80,26,10,47,False,46.2,4170,77744,1030,Odoo Multi-Channel Sale,Webkul Software Pvt. Ltd.,WINNER,812,5,2900,0.0,0
35,90,30,85,30,15,10,46,False,37.8,45,1110,10,Requisitions Material Stock and Purchase by Employees | User Material Request and Purchase Requisition Workflow in Odoo,Probuse Consulting Service Pvt. Ltd.,WINNER,781,4,9243,0.0,0
20,90,50,45,80,38,10,49,False,58.6,220,2505,49,Cloud Storage Solutions,faOtools,WINNER,755,14,37206,5.0,5
20,90,50,65,80,14,10,47,False,50.8,5395,47571,337,POS Stock in Odoo,BROWSEINFO,WINNER,754,7,3393,5.0,16
20,90,50,45,80,23,10,46,False,64.3,446,4508,25,Journal Sequence For Odoo 19,Odoo Developers,WINNER,747,10,1293,0.0,0
20,90,50,65,80,15,10,47,False,48.1,780,7607,58,Multiple Branch Unit Operation Setup for All Applications Odoo,BROWSEINFO,WINNER,710,4,17433,5.0,6
85,90,30,50,40,36,10,55,False,0.0,3,953,7,Atharva Theme Base,Atharva System,WINNER,682,6,702,0.0,0
20,90,50,45,40,30,10,44,False,59.7,62,1674,30,Amazon Odoo Connector,Emipro Technologies Pvt. Ltd.,WINNER,671,12,58383,5.0,102
20,90,50,45,50,24,10,44,False,63.5,63,1143,7,Professional Report Templates,Optima ICT Services LTD,WINNER,650,2,17433,5.0,15
20,90,50,25,50,20,10,41,False,70.6,160,1453,4,MuK REST API,MuK IT,WINNER,639,3,22815,5.0,6
20,90,50,45,80,15,10,45,False,62.4,6551,41572,326,Product Multi Barcode,Softhealer Technologies,WINNER,627,8,2686,0.0,0
20,90,50,45,80,15,10,45,False,62.4,6551,41572,326,Product Bundle Pack in Odoo,BROWSEINFO,WINNER,612,3,4095,5.0,6
20,90,30,85,80,25,10,49,False,30.9,97,4208,32,Gantt Native Web view,Viktor Vorobjov,WINNER,607,1,34983,5.0,6
20,90,50,25,40,15,10,39,False,83.3,72,829,7,Parent Account (Chart of Account Hierarchy),Omal Bastin / O4ODOO,WINNER,604,2,3510,5.0,7
20,90,30,65,80,26,10,47,False,46.2,4170,77744,1030,Odoo E-Commerce Connector Core,VentorTech,WINNER,588,31,5850,0.0,0
20,90,50,45,80,16,10,45,False,58.8,1396,9337,83,List View Manager,Ksolves India Ltd.,WINNER,579,4,20007,5.0,17
20,90,30,65,80,26,10,47,False,46.2,4170,77744,1030,Odoo Cookies Consent Management,Garazd Creation,WINNER,565,24,117,0.0,0
20,90,30,65,80,26,10,47,False,46.2,4170,77744,1030,"Odoo all import for Sales, Purchase, Invoice, Inventory, Pricelist, BOM, Payment, Journal Entry, Picking, Product, Customer.",BROWSEINFO,WINNER,528,0,9828,5.0,19
20,65,50,45,60,12,70,43,True,64.9,74,1008,7,Activities Management-Advance,Softhealer Technologies,WINNER,499,1,16811,5.0,5
20,65,50,45,80,20,70,46,True,62.8,1424,8118,80,Mail Messages Easy Pro,Cetmix,WINNER,497,4,29133,5.0,8
20,90,50,65,80,18,10,48,False,48.4,1578,23967,225,All In One Helpdesk | CRM Helpdesk | Sale Order Helpdesk | Purchase Helpdesk | Invoice Helpdesk | Helpdesk Timesheet | Helpdesk Support Ticket To Task,Softhealer Technologies,WINNER,491,0,15791,0.0,0
20,90,30,65,30,29,10,43,False,49.1,53,874,11,Clinic - Hospital Management System ( HMS by AlmightyCS ),Almighty Consulting Solutions Pvt. Ltd.,WINNER,488,4,8601,5.0,18
50,65,50,45,30,83,70,58,True,66.7,24,502,8,Lost Messages Routing,faOtools,WINNER,486,8,4446,0.0,0
20,90,50,45,80,14,10,45,False,55.5,876,5169,55,"Hide Any Menu, Any Field, Any Report, Any Button",FreelancerApps,WINNER,475,0,1879,5.0,21
20,90,50,45,80,14,10,45,False,67.2,1478,8780,57,Project Job Costing (Contracting) and Job Cost Sheet for Construction,Probuse Consulting Service Pvt. Ltd.,WINNER,467,3,20826,0.0,0
20,90,50,65,80,18,10,48,False,48.4,1578,23967,225,All pos orders list in Odoo,BROWSEINFO,WINNER,466,1,2106,0.0,0
20,90,50,45,80,16,10,45,False,57.1,4175,29802,259,Web Timer Widget,Almighty Consulting Solutions Pvt. Ltd.,WINNER,462,5,1400,0.0,0
50,90,50,45,30,10,10,45,False,68.2,22,480,1,IZI Dashboard With AI,IZI PT Solusi Usaha Mudah,WINNER,452,1,39800,5.0,23
20,90,50,65,80,12,10,47,False,50.7,1666,13293,70,Customer Statement and Customer Overdue Payments Vendor Bank Statements Reports Odoo,BROWSEINFO,WINNER,443,0,7605,5.0,10
20,90,50,25,80,29,10,44,False,70.8,1312,13296,189,Base Marketplace Connector,TeqStars,WINNER,439,10,2340,0.0,0
20,90,50,45,80,14,10,45,False,55.6,2391,16969,94,Sales Commission from Sales/Invoice/Payment in Odoo,BROWSEINFO,WINNER,424,2,7020,0.0,0
20,90,50,65,70,60,10,54,False,50.4,131,1627,6,Generic Security Restriction,Center of Research and Development,WINNER,417,6,4095,5.0,5
20,90,50,65,80,18,10,48,False,48.4,1578,23967,225,All in One POS Features in Odoo,BROWSEINFO,WINNER,414,0,11583,5.0,15
20,90,30,65,80,26,10,47,False,46.2,4170,77744,1030,Odoo Multi Vendor Marketplace,Webkul Software Pvt. Ltd.,WINNER,413,3,29901,5.0,7
50,65,30,85,40,54,70,57,True,31.8,22,2890,42,ChatRoom PACK. Send from many places and Templates,AcruxLab,WINNER,411,9,9878,0.0,0
20,90,50,65,80,14,10,47,False,52.7,3285,24420,208,Website | eCommerce Tracking Base,Garazd Creation,WINNER,411,15,1170,0.0,0
70,90,30,85,75,10,10,55,False,0.0,6,824,2,KnowSystem: Knowledge Base System,faOtools,WINNER,410,1,18486,5.0,10
20,90,50,45,80,15,10,45,False,62.4,6551,41572,326,Product Barcode Generator,Softhealer Technologies,WINNER,400,5,2340,0.0,0
20,90,30,65,80,26,10,47,False,46.2,4170,77744,1030,Odoo Gantt View Base,Ksolves India Ltd.,WINNER,397,7,28548,5.0,5
35,90,30,25,30,73,10,48,False,80.0,15,416,7,Viindoo Base,T.V.T Marine Automation (aka TVTMA),WINNER,393,7,579,0.0,0
50,90,50,85,30,56,10,58,False,40.0,15,499,15,ZPL Label Designer PRO,VentorTech,WINNER,391,10,11583,5.0,11
20,90,50,65,80,14,10,47,False,50.8,5395,47571,337,POS Combo in Odoo,BROWSEINFO,WINNER,389,3,936,0.0,0
20,90,30,65,80,26,10,47,False,46.2,4170,77744,1030,Odoo Product Label Builder Pro,Garazd Creation,WINNER,387,8,30011,5.0,15
20,90,50,65,80,14,10,47,False,52.7,3285,24420,208,Website Helpdesk Support Ticket/Issue Management,Probuse Consulting Service Pvt. Ltd.,WINNER,384,0,6903,5.0,11
20,90,50,65,80,18,10,48,False,48.4,1578,23967,225,"All in one Hide Menu,Submenu, Field and Reports",BROWSEINFO,WINNER,381,1,1053,5.0,5
20,65,50,45,50,44,70,48,True,67.1,85,1067,24,Popup Message,Softhealer Technologies,WINNER,376,17,1,0.0,0
20,90,50,65,80,14,10,47,False,48.4,283,2191,11,Snippet Advanced,Softhealer Technologies,WINNER,375,2,117,0.0,0
20,90,30,65,80,26,10,47,False,46.2,4170,77744,1030,Odoo Magento 2 Connector,Emipro Technologies Pvt. Ltd.,WINNER,369,6,52533,5.0,35
20,90,30,65,80,26,10,47,False,46.2,4170,77744,1030,Odoo Shopify Connector (GraphQL Powered),TeqStars,WINNER,367,7,46799,5.0,82
20,90,30,65,80,26,10,47,False,46.2,4170,77744,1030,Odoo 19 Accounting Excel Reports,Odoo Mates,WINNER,366,4,3986,0.0,0
85,90,30,50,40,0,10,49,False,0.0,1,363,0,Whatsapp-all-in-one Dashboard,Pragmatic TechSoft Pvt Ltd.,WINNER,363,0,11700,5.0,6
20,90,50,25,80,29,10,44,False,70.8,1312,13296,189,Base - Hospital Management System ( HMS by AlmightyCS ),Almighty Consulting Solutions Pvt. Ltd.,WINNER,362,5,3600,0.0,0
20,90,50,65,80,14,10,47,False,50.8,5395,47571,337,POS All Orders List,Webkul Software Pvt. Ltd.,WINNER,359,3,2700,0.0,0
20,90,50,25,80,17,10,42,False,74.8,3101,17021,146,Stock Picking Cancel/Reverse/Revert Odoo,BROWSEINFO,WINNER,358,2,5733,5.0,9
20,90,50,65,80,14,10,47,False,50.8,5395,47571,337,POS Stock,Webkul Software Pvt. Ltd.,WINNER,352,3,3000,5.0,5
20,90,30,65,80,26,10,47,False,46.2,4170,77744,1030,Odoo Google Consent Mode,Garazd Creation,WINNER,351,20,3686,0.0,0
20,90,50,45,80,13,10,44,False,57.9,1130,11108,56,Import Invoices from Excel or CSV File in odoo,BROWSEINFO,WINNER,349,1,1755,5.0,9
20,90,30,65,80,26,10,47,False,46.2,4170,77744,1030,Odoo Gantt View Project,Ksolves India Ltd.,WINNER,346,6,34281,5.0,14
20,90,50,45,80,15,10,45,False,62.4,6551,41572,326,"Product images and line numbers on Sales Orders, Quotations and Invoices",Dusal Solutions,WINNER,346,0,702,0.0,0
20,90,50,25,80,29,10,44,False,70.8,1312,13296,189,Base Extension,Openinside,WINNER,339,2,1004,0.0,0
20,90,50,65,80,14,10,47,False,52.7,3285,24420,208,Website Product Stock,Webkul Software Pvt. Ltd.,WINNER,338,2,3900,5.0,8
20,90,30,65,80,26,10,47,False,46.2,4170,77744,1030,Odoo Google Analytics 4 eCommerce Tracking,Garazd Creation,WINNER,338,12,13689,0.0,0
20,90,30,85,80,25,10,49,False,30.9,97,4208,32,Gantt Native view for Projects,Viktor Vorobjov,WINNER,337,0,34983,0.0,0
20,90,50,45,80,10,10,44,False,63.8,1010,5238,24,Task Delegation and Subtasks Odoo,BROWSEINFO,WINNER,335,0,1170,0.0,0
20,90,50,45,80,14,10,45,False,55.9,564,4138,27,Pdf Print Preview,itechgroup,WINNER,334,2,3041,0.0,0
20,90,50,65,80,13,10,47,False,54.7,2555,17832,120,Custom Fields: Core,faOtools,WINNER,334,1,3276,0.0,0
20,90,50,45,60,10,10,42,False,66.0,103,881,3,"Backup ODOO [Local, Remote, Drive, Dropbox, Amazon S3]",Hilar AK,WINNER,331,1,3860,5.0,14
20,90,50,65,80,14,10,47,False,50.8,5395,47571,337,POS Cash register Z-Report in Odoo,BROWSEINFO,WINNER,330,3,1404,0.0,0
20,90,50,45,50,11,10,42,False,69.3,283,1278,9,SMS Notification,Webkul Software Pvt. Ltd.,WINNER,326,1,4900,0.0,0
50,65,30,85,40,54,70,57,True,31.8,22,2890,42,ChatRoom CRM extra. Create CRM Leads direct in ChatRoom. Real All in One,AcruxLab,WINNER,324,5,15754,0.0,0
20,90,50,45,80,12,10,44,False,57.1,480,3242,11,Helpdesk,Softhealer Technologies,WINNER,324,2,7962,5.0,5
20,90,30,65,80,26,10,47,False,46.2,4170,77744,1030,Odoo Facebook Pixel Integration,Garazd Creation,WINNER,324,7,2106,0.0,0
20,90,50,65,80,18,10,48,False,48.4,1578,23967,225,"All In One Import - Partner, Product, Sales, Purchase, Accounts, Inventory, BOM, CRM, Project | Import Product Template | Import Product Variant | Import Product Image | Import Sale Order Lines | Import Reordering Rules| Import Purchase Order Lines",Softhealer Technologies,WINNER,323,1,16144,5.0,6
50,90,30,85,40,54,10,56,False,31.8,22,2890,42,ChatRoom Chatter. Chat history in any form.,AcruxLab,WINNER,319,5,14758,5.0,5
20,90,50,65,80,16,10,47,False,51.0,734,7497,64,Point of Sale Retail Shop| POS Retail Shop| All In One POS Retail,Softhealer Technologies,WINNER,315,3,31240,5.0,6
20,90,30,65,80,26,10,47,False,46.2,4170,77744,1030,ODOO Email CC and BCC,Webkul Software Pvt. Ltd.,WINNER,315,14,4500,0.0,0
20,90,30,45,80,24,10,44,False,58.5,578,6701,112,"Advanced Property Sale & Rental Management | Real Estate
     | Property Sales | Property Rental | Property Management",TechKhedut Inc.,WINNER,314,7,22500,5.0,6
20,90,50,65,80,22,10,48,False,53.6,444,5285,69,WhatsApp Odoo Integration,InTechual Solutions,WINNER,312,0,2925,5.0,11
20,90,30,65,80,26,10,47,False,46.2,4170,77744,1030,Odoo 19 POS Retail & Restaurant | Advanced Point of Sale Multi-Store Barcode Sync,POS Master Team,WINNER,312,0,23400,5.0,33
20,90,50,65,80,18,10,48,False,48.4,1578,23967,225,All in One Disable Followers | Sale Order Disable Followers | Purchase Order Disable Followers | Invoice Disable Followers,Softhealer Technologies,WINNER,311,0,2457,0.0,0
20,90,50,25,60,24,10,42,False,72.5,222,1631,18,Security User Roles,faOtools,WINNER,311,4,4446,0.0,0
20,90,50,65,80,13,10,47,False,54.7,430,2943,40,Login as another user,Openinside,WINNER,308,5,3014,0.0,0
20,90,50,65,80,25,10,49,False,52.8,963,10459,114,Print Dynamic Barcode Labels (Product/Template/Purchase/Picking),TidyWay,WINNER,308,0,5850,5.0,10
20,90,30,65,80,26,10,47,False,46.2,4170,77744,1030,Odoo Google Shopping | Google Merchant Center Next,Garazd Creation,WINNER,308,13,15269,5.0,6
20,90,50,45,80,13,10,44,False,57.9,1130,11108,56,Import Stock Inventory from Excel/CSV File,BROWSEINFO,WINNER,303,0,2574,0.0,0
50,90,30,45,30,42,10,48,False,61.9,21,381,4,OneDrive / SharePoint Odoo Integration,faOtools,WINNER,302,4,45513,0.0,0
20,90,50,25,40,36,10,42,False,77.6,331,1165,51,Module For Merging Pos/Website Coupons,Webkul Software Pvt. Ltd.,WINNER,302,2,99,0.0,0
20,90,50,45,80,13,10,44,False,57.9,1130,11108,56,Import Product Variant from CSV/Excel file - Advance,Softhealer Technologies,WINNER,301,1,3160,0.0,0
20,90,30,85,50,32,10,48,False,37.0,100,2705,53,Facebook Pixel Integration,Webkul Software Pvt. Ltd.,WINNER,300,3,3499,0.0,0
20,90,30,65,80,26,10,47,False,46.2,4170,77744,1030,Odoo REST API (JSON & XML),Synconics Technologies Pvt. Ltd.,WINNER,300,4,9500,0.0,0
20,90,50,45,80,14,10,45,False,67.2,1478,8780,57,Project Task SubTask Checklist,FreelancerApps,WINNER,300,0,1516,0.0,0
20,90,50,65,80,34,10,51,False,53.4,382,4763,86,Google Tag Manager,Webkul Software Pvt. Ltd.,WINNER,297,2,9901,0.0,0
20,90,50,45,80,15,10,45,False,62.4,6551,41572,326,Product Low Stock Notification/Alert in odoo,BROWSEINFO,WINNER,296,1,2223,0.0,0
50,90,30,85,60,10,10,50,False,30.0,20,608,1,Customer/supplier statement of account reports in Odoo,BROWSEINFO,WINNER,296,1,4797,0.0,0
20,90,30,65,80,26,10,47,False,46.2,4170,77744,1030,Odoo Rest API,Webkul Software Pvt. Ltd.,WINNER,296,1,9901,0.0,0
20,90,30,65,80,26,10,47,False,46.2,4170,77744,1030,Odoo Approval,Domiup (domiup.contact@gmail.com),WINNER,296,2,8150,0.0,0
20,90,30,65,80,26,10,47,False,46.2,4170,77744,1030,Odoo Excel Connector,XFanis,WINNER,296,5,4776,0.0,0
20,90,50,65,80,14,10,47,False,50.8,5395,47571,337,POS Orders Reprint and POS ReOrder in Odoo,BROWSEINFO,WINNER,295,0,3159,0.0,0
20,90,30,65,80,26,10,47,False,46.2,4170,77744,1030,Odoo WooCommerce Connector With AI,Ksolves India Ltd.,WINNER,295,6,38437,5.0,43
20,90,50,65,80,14,10,47,False,51.6,523,3274,19,Mass Clean and Delete Data Records,BROWSEINFO,WINNER,292,3,585,0.0,0
20,90,30,65,80,17,10,45,False,50.6,650,7778,64,Dynamic Product Labels | All In One Barcode Labels | Product Template Barcode Label,Softhealer Technologies,WINNER,289,2,3393,0.0,0
20,90,30,65,80,16,10,45,False,48.4,504,4099,27,Manufacturing Process Costing in Odoo,BROWSEINFO,WINNER,289,0,10413,0.0,0
35,90,30,65,70,11,10,46,False,54.2,48,698,4,Microsoft Azure SSO Integration,Serpent Consulting Services Pvt. Ltd.,WINNER,289,0,15093,0.0,0
50,90,30,85,50,20,10,51,False,35.7,14,652,2,Stocks Access Rules,faOtools,WINNER,288,2,4446,0.0,0
20,90,50,65,80,17,10,48,False,52.0,569,5916,48,Cancel Stock Picking (Delivery Order) & Reset to Draft,Craftsync Technologies,WINNER,288,2,1754,0.0,0
70,90,30,85,40,0,10,51,False,12.5,8,347,0,Backmate Configuration Base,Softhealer Technologies,WINNER,288,0,117,5.0,5
20,90,30,65,80,26,10,47,False,46.2,4170,77744,1030,Odoo Power BI Connector,Webkul Software Pvt. Ltd.,WINNER,286,6,39901,0.0,0
20,90,30,65,80,17,10,45,False,50.6,650,7778,64,Dynamic Financial Report,Ksolves India Ltd.,WINNER,285,3,13923,5.0,14
20,90,50,65,80,14,10,47,False,52.5,257,2664,17,Global Dynamic Export Excel Reports For all Application in Odoo,BROWSEINFO,WINNER,284,1,1989,5.0,5
20,90,30,65,80,26,10,47,False,46.2,4170,77744,1030,Odoo Affiliate Management,Webkul Software Pvt. Ltd.,WINNER,283,2,12500,0.0,0
20,90,50,45,60,13,10,43,False,69.1,194,1495,12,Force date in Stock Transfer and Inventory Adjustment,Edge Technologies,WINNER,282,0,2925,0.0,0
20,90,30,65,80,26,10,47,False,46.2,4170,77744,1030,"Odoo 16 Dynamic Accounting Reports - PDF, Excel",Odoo Mates,WINNER,281,0,5890,5.0,6
20,90,50,65,80,14,10,47,False,50.8,5395,47571,337,POS Multi Currency payment in Odoo,BROWSEINFO,WINNER,279,3,5733,0.0,0
20,90,30,65,80,26,10,47,False,46.2,4170,77744,1030,Odoo REST API,AVS',WINNER,278,0,6435,0.0,0
50,90,30,85,50,20,10,51,False,35.7,14,652,2,Stocks by Locations,faOtools,WINNER,277,0,3510,0.0,0
20,90,30,65,80,26,10,47,False,46.2,4170,77744,1030,Odoo Direct Print,SkyERP,WINNER,275,0,5849,0.0,0
20,90,50,65,80,14,10,47,False,50.8,5395,47571,337,POS Product Variants Popup,Softhealer Technologies,WINNER,273,1,2457,0.0,0
85,90,30,50,30,42,10,55,False,0.0,2,283,4,Joint Calendar,faOtools,WINNER,270,4,8190,5.0,5
85,90,30,50,40,36,10,55,False,0.0,3,953,7,Atharva Theme General,Atharva System,WINNER,270,0,468,0.0,0
20,90,30,85,80,25,10,49,False,30.9,97,4208,32,Gantt View Odoo 19,Cybrosys Techno Solutions,WINNER,268,2,5849,0.0,0
20,90,30,45,70,20,10,42,False,56.1,585,2746,73,Shipping Connector,NsInfosystem,WINNER,268,8,1169,0.0,0
20,90,50,65,80,15,10,47,False,53.1,867,10305,74,Inventory Adjustment Backdated,Equick ERP,WINNER,266,4,1638,0.0,0
35,70,30,65,30,32,10,42,True,48.1,27,419,11,Xero Integration OAuth 2.0 REST API,Pragmatic TechSoft Pvt Ltd.,WINNER,264,6,29901,0.0,0
20,90,50,65,80,14,10,47,False,53.7,369,2463,21,Merge Delivery Orders/Incoming Shipments in odoo,BROWSEINFO,WINNER,264,3,2808,0.0,0
20,90,50,45,80,16,10,45,False,57.1,4175,29802,259,Web Gantt View,Almighty Consulting Solutions Pvt. Ltd.,WINNER,263,0,1411,0.0,0
20,90,30,65,80,26,10,47,False,46.2,4170,77744,1030,Odoo Base Connector,Ksolves India Ltd.,WINNER,263,6,3071,5.0,18
70,90,50,85,65,0,10,55,False,25.0,4,514,0,Clever Multiple Invoice Template,Appjetty,WINNER,263,0,5890,5.0,10
20,90,50,65,80,21,10,48,False,54.7,4229,35162,371,IP Network Printer Drivers (ESC/POS),Optima ICT Services LTD,WINNER,262,0,15093,0.0,0
20,90,50,65,80,18,10,48,False,48.4,1578,23967,225,All in One Mobile Barcode/QRCode Scanner|Sale Order Mobile Barcode Scanner|Purchase Order Mobile Barcode Scanner|Invoice Mobile Barcode Scanner|Inventory Mobile Barcode Scanner|Bill Of Material Mobile Barcode Scanner,Softhealer Technologies,WINNER,260,1,12987,0.0,0
70,90,30,85,30,21,10,54,False,25.0,4,308,2,Allow/Disable POS Features Point of Sales Access rights POS Restrict User staff permissions,BROWSEINFO,WINNER,260,2,2340,0.0,0
20,90,50,65,80,18,10,48,False,48.4,1578,23967,225,ALL POS Reports in Odoo (POS BOX Compatible),BROWSEINFO,WINNER,260,1,4563,0.0,0
50,65,30,85,40,54,70,57,True,31.8,22,2890,42,ChatRoom Facebook/Instagram/Whatsapp Live Chat. Real All in One,AcruxLab,WINNER,260,2,9878,0.0,0
20,90,30,65,50,41,10,47,False,45.5,66,972,29,Biometric Attendance Machines Integration,T.V.T Marine Automation (aka TVTMA),WINNER,259,1,23850,0.0,0
20,90,50,45,80,13,10,44,False,57.9,1130,11108,56,Import Bank Statement Lines from Excel/CSV file,BROWSEINFO,WINNER,259,0,1170,5.0,5
20,90,50,25,60,21,10,42,False,73.3,187,1319,10,Manual Currency Exchange rate for Sales Order/Customer Invoice/Vendor Bills/Purchase Orders/Payments,Sitaram,WINNER,257,0,3510,0.0,0
20,90,50,25,60,21,10,42,False,73.3,187,1319,10,Manual Currency Exchange Rate on Invoice and Payment in Odoo,BROWSEINFO,WINNER,257,3,1755,0.0,0
20,90,50,25,60,21,10,42,False,73.3,187,1319,10,Manual Currency Exchange Rate on Invoice/Payment/Sale/Purchase in Odoo,BROWSEINFO,WINNER,256,4,2574,0.0,0
20,90,30,65,80,26,10,47,False,46.2,4170,77744,1030,Odoo Subscription Management,Globalteckz,MID,99,0,5733,0.0,0
20,90,50,65,80,21,10,48,False,54.8,789,4946,61,Email Bcc,Equick ERP,MID,99,1,1404,0.0,0
20,90,50,65,80,14,10,47,False,50.8,5395,47571,337,POS Multi Currency (Community),Acespritech Solutions Pvt. Ltd.,MID,99,0,4212,0.0,0
35,90,30,85,80,10,10,49,False,19.0,42,902,2,SMTP by User,Futurelens,MID,99,0,1686,0.0,0
20,90,50,45,30,15,10,41,False,63.4,227,878,13,Schedule Activity at Centralized Place | Enhanced Activity Schedule Management for Odoo,Probuse Consulting Service Pvt. Ltd.,MID,99,1,3393,0.0,0
20,90,50,65,80,16,70,53,True,54.2,1260,10252,101,REST API Foundation for Odoo,EKIKA,MID,99,1,11760,0.0,0
20,90,50,25,50,20,10,41,False,70.6,160,1453,4,MuK Webhooks,MuK IT,MID,98,1,21060,0.0,0
20,90,50,25,60,14,10,40,False,71.0,138,505,4,UPS Shipping Integration(OAuth 2.0),Webkul Software Pvt. Ltd.,MID,98,0,14900,0.0,0
20,90,30,65,80,16,10,45,False,48.4,504,4099,27,Manufacturing Reset to Draft,Craftsync Technologies,MID,98,0,2807,0.0,0
20,90,50,65,80,12,10,47,False,50.7,1666,13293,70,Customer Statement & Aging,DevIntelle Consulting Service Pvt.Ltd,MID,98,0,4095,0.0,0
20,90,30,65,80,17,10,45,False,50.6,650,7778,64,Dynamic Product Label Print in odoo,BROWSEINFO,MID,98,0,6201,0.0,0
20,90,50,45,80,15,10,45,False,62.4,6551,41572,326,Product Management Interface,faOtools,MID,98,0,10296,0.0,0
20,90,30,65,80,26,10,47,False,46.2,4170,77744,1030,Odoo POS Reservation Order,Edge Technologies,MID,98,0,2340,0.0,0
50,90,50,45,30,18,10,47,False,56.0,25,148,4,Interest on Overdue Invoice in Odoo,BROWSEINFO,MID,97,1,11583,5.0,6
20,90,50,25,70,35,10,45,False,79.4,126,855,10,Partners Hierarchy,Advitus,MID,97,0,1170,0.0,0
20,90,50,25,80,18,10,43,False,73.4,1393,4063,45,HR Attendance Sheet And Policies,CDS Solutions SRL,MID,97,0,9812,0.0,0
20,90,50,65,80,14,10,47,False,53.7,369,2463,21,Merge Invoices,Softhealer Technologies,MID,97,0,2925,0.0,0
20,90,50,65,80,14,10,47,False,50.8,5395,47571,337,POS Product Multi Barcode |Point Of Sale Product Multi Barcode,Softhealer Technologies,MID,97,2,3388,0.0,0
20,90,50,45,80,16,10,45,False,63.6,1752,9084,100,Auto Inter-Company Transfer-Transection App,BROWSEINFO,MID,97,1,11583,0.0,0
20,90,30,65,80,26,10,47,False,46.2,4170,77744,1030,Odoo POS Network Printer | Seamless ESC/POS Ticket & Receipt Printing,Creyox Technologies,MID,97,3,9901,5.0,6
20,90,30,65,80,26,10,47,False,46.2,4170,77744,1030,Odoo Edit/Modify POS Receipt App,BROWSEINFO,MID,97,0,1053,0.0,0
20,90,50,65,80,14,10,47,False,50.8,5395,47571,337,POS print kitchen order receipt KOT in browser,Techmayoreo,MID,96,1,3827,0.0,0
20,90,30,65,80,26,10,47,False,46.2,4170,77744,1030,Odoo Google Merchant/Shopping Connector,Grow Consultancy Services,MID,96,2,14625,5.0,10
70,90,30,85,50,23,10,55,False,14.3,7,454,8,MercadoLibre Stock Management Extension / Mercado Libre Publisher Extension,Moldeo Interactive,MID,96,2,46800,0.0,0
35,90,50,45,50,0,10,42,False,66.7,30,234,0,"Actual Cost Tracking on Job Cost Sheet (Purchase, Bills & Timesheets) | Integrated Actual Cost Management for Job Costing",Probuse Consulting Service Pvt. Ltd.,MID,96,0,21879,0.0,0
20,90,50,65,80,18,10,48,False,48.4,1578,23967,225,All In One Project Management System - All in one PMS,BROWSEINFO,MID,96,0,11583,0.0,0
20,90,30,45,80,24,10,44,False,58.5,578,6701,112,Advanced HR Management,Viindoo,MID,96,2,1548,0.0,0
20,90,50,45,80,16,10,45,False,63.6,1752,9084,100,Auto Generate serial/lot number from Picking in Odoo,BROWSEINFO,MID,96,0,2223,0.0,0
20,90,50,65,50,10,10,44,False,50.0,58,722,1,elearning private youtube video,David Montero Crespo,MID,95,0,6435,0.0,0
20,90,50,45,80,13,10,44,False,57.9,1130,11108,56,Import Purchase Order Lines from CSV/Excel file,Softhealer Technologies,MID,95,0,1288,0.0,0
20,90,50,45,80,16,10,45,False,68.6,874,4548,43,CRM Duplicates Real Time Search,faOtools,MID,95,1,5148,0.0,0
20,90,50,45,70,12,10,43,False,57.2,187,1302,11,Survey File Attachment Upload,BROWSEINFO,MID,95,1,1755,0.0,0
20,90,50,65,80,14,10,47,False,50.8,5395,47571,337,POS Customer Wallet Management in Odoo,BROWSEINFO,MID,95,0,7605,0.0,0
70,90,30,85,40,11,10,53,False,28.6,7,139,1,Multiples of Quantity in shop,Softhealer Technologies,MID,95,0,4914,0.0,0
20,90,50,45,70,14,10,44,False,60.0,75,467,8,Saudi UAE VAT,Technaureus Info Solutions Pvt. Ltd.,MID,95,1,585,0.0,0
50,90,30,45,40,0,10,42,False,60.0,15,111,0,Paytrail Payment Provider,Kanak Infosystems LLP.,MID,95,0,8073,0.0,0
20,90,50,25,80,17,10,42,False,81.6,1700,4023,37,Partner Incentive / Commission Management,Almighty Consulting Solutions Pvt. Ltd.,MID,95,2,3600,0.0,0
20,90,50,65,80,14,10,47,False,50.8,5395,47571,337,POS Custom Discount,Webkul Software Pvt. Ltd.,MID,94,1,4900,0.0,0
20,90,50,45,40,13,10,41,False,63.4,131,866,5,Allow Multi Currencies Pricelist in POS,Edge Technologies,MID,94,0,3276,0.0,0
20,90,50,45,80,13,10,44,False,57.9,1130,11108,56,Import bank statement lines from CSV File | Import bank statement lines from Excel file,Softhealer Technologies,MID,94,0,1522,0.0,0
20,90,50,45,80,14,10,45,False,62.9,3370,20091,115,Purchase Order Automation,Craftsync Technologies,MID,94,1,1754,0.0,0
20,90,50,45,60,15,10,43,False,58.0,264,1419,6,Documents Preview,Almighty Consulting Solutions Pvt. Ltd.,MID,94,2,7200,0.0,0
20,90,30,65,40,20,10,43,False,51.7,89,735,9,Minimum and Maximum Product Price Base,Softhealer Technologies,MID,94,1,117,0.0,0
70,90,30,25,30,24,10,46,False,75.0,4,94,2,Objectives & Key Results - OKR,T.V.T Marine Automation (aka TVTMA),MID,94,2,13415,0.0,0
20,90,50,65,80,15,10,47,False,53.1,867,10305,74,Inventory Backdate | Change Effective Date | Backdate In Inventory | Stock Backdate | Warehouse Backdate | Stock Force Date | Inventory Force Date,Softhealer Technologies,MID,94,2,9014,0.0,0
20,90,50,65,80,18,10,48,False,48.4,1578,23967,225,"All in One Secondary Unit of Measure Sales, Purchase, Accounting and Inventory",Edge Technologies,MID,94,0,2925,0.0,0
20,90,50,65,80,15,10,47,False,48.1,780,7607,58,Multiple Branch Unit Operations for Manufacturing,BROWSEINFO,MID,94,1,22113,0.0,0
20,90,50,65,80,14,10,47,False,50.8,5395,47571,337,POS Show Discounted Price,Webkul Software Pvt. Ltd.,MID,94,1,2000,0.0,0
50,90,50,65,40,18,10,50,False,45.8,24,478,5,Original POS Manager Validation using User PIN,MAC5,MID,94,0,3003,0.0,0
20,90,50,45,60,18,10,44,False,69.0,155,483,10,EU Cookie Law Notice,Advitus,MID,94,0,1755,0.0,0
20,90,50,65,80,15,10,47,False,53.1,867,10305,74,Inventory Adjustment Cancel/Reverse Odoo,BROWSEINFO,MID,94,0,4095,0.0,0
20,90,50,45,50,14,10,42,False,63.5,74,403,7,Multi-Company Access Rights,Openinside,MID,93,0,20089,0.0,0
20,90,50,45,70,12,10,43,False,57.2,187,1302,11,Survey - Extra Fields,VperfectCS,MID,93,0,5733,0.0,0
20,90,30,65,80,26,10,47,False,46.2,4170,77744,1030,"Odoo all import for Sales, Purchase, Invoice, Inventory, Pricelist, BOM, Payment, Bank Statement, Journal Entry, Picking, Product, Customer, Product Images, Product Variants, Multiple Statement, POS Orders, Multiple Journal Entries.",BROWSEINFO,MID,93,0,15561,0.0,0
20,90,50,25,80,17,10,42,False,74.8,3101,17021,146,Stock Picking/Move from Invoice/Refund in Odoo,BROWSEINFO,MID,93,0,2925,0.0,0
20,90,50,65,80,16,10,47,False,51.0,734,7497,64,Point Of Sale Access Rights,Softhealer Technologies,MID,93,0,2457,0.0,0
20,90,30,65,80,26,10,47,False,46.2,4170,77744,1030,Odoo Cookie Consent Banner,Garazd Creation,MID,93,7,10004,0.0,0
85,90,30,50,30,12,10,50,False,0.0,1,93,1,Snazzy Theme Common,Bizople Solutions Pvt. Ltd.,MID,93,1,2925,0.0,0
20,90,50,45,60,11,10,42,False,59.5,74,736,6,Progress Billing & Customer Invoicing from Job Costing Sheet in Odoo | Job Costing Progress Billing for Contracting Projects,Probuse Consulting Service Pvt. Ltd.,MID,93,1,32292,0.0,0
20,90,30,85,80,25,10,49,False,30.9,97,4208,32,Gantt Native Exchange for Project,Viktor Vorobjov,MID,93,0,34983,0.0,0
20,90,50,45,80,13,10,44,False,57.9,1130,11108,56,Import Stock with Serial number/Lot number in Odoo,BROWSEINFO,MID,92,1,3393,0.0,0
20,90,50,25,80,17,10,42,False,74.8,3101,17021,146,Stock Inventory Report,Equick ERP,MID,92,0,3510,0.0,0
20,90,50,45,80,16,10,45,False,63.6,1752,9084,100,Auto Parts Base,Softhealer Technologies,MID,92,0,7956,0.0,0
20,90,50,65,80,18,10,48,False,48.4,1578,23967,225,All in one Backdate - All in one Stock Backdate and Remarks,BROWSEINFO,MID,92,1,7605,0.0,0
20,90,50,45,50,31,10,45,False,57.5,73,457,11,Discuss Extension,Openinside,MID,92,0,1004,0.0,0
20,90,30,65,80,26,10,47,False,46.2,4170,77744,1030,Odoo CRM Facebook Leads | Facebook Page Leads Connector | Facebook Leads Connector | Odoo Facebook Integration,TechKhedut Inc.,MID,92,2,2500,0.0,0
20,90,50,65,80,14,10,47,False,52.7,3285,24420,208,Website Sale Multi-Warehouse,Azkob,MID,92,0,5850,0.0,0
70,90,30,85,50,23,10,55,False,14.3,7,454,8,MercadoLibre Accounting / Mercado Libre Publisher Extension,Moldeo Interactive,MID,92,2,52650,0.0,0
35,90,50,25,50,37,10,46,False,76.2,42,632,7,Magento 2 Odoo Connector | Odoo Multichannel,Webkul Software Pvt. Ltd.,MID,92,0,24900,0.0,0
20,90,50,45,50,10,10,41,False,65.4,52,386,1,Subcontracting Management for Job Orders | Construction & Contracting | Smart Subcontract Control | Construction & Contracting,Probuse Consulting Service Pvt. Ltd.,MID,92,0,26559,0.0,0
20,90,30,65,80,26,10,47,False,46.2,4170,77744,1030,Odoo Website Stock Notify Back In Stock Email Alerts,BROWSEINFO,MID,92,0,2808,5.0,6
20,90,50,65,80,14,10,47,False,52.7,3285,24420,208,Website Hide Price for Not Logged In User,Futurelens,MID,92,1,585,0.0,0
20,90,50,65,80,17,10,48,False,52.0,569,5916,48,Cancel Invoice | Cancel Payment,Softhealer Technologies,MID,92,0,1989,0.0,0
20,90,50,45,80,14,10,45,False,67.2,1478,8780,57,Project by Phases,Probuse Consulting Service Pvt. Ltd.,MID,91,0,1404,0.0,0
20,90,50,65,80,15,10,47,False,48.1,780,7607,58,Multiple Branch Unit Operation Setup for CRM,BROWSEINFO,MID,91,1,22113,0.0,0
20,90,50,65,80,14,10,47,False,50.8,5395,47571,337,POS Invoice Auto Check in odoo,BROWSEINFO,MID,91,0,1755,0.0,0
20,90,50,45,80,15,10,45,False,62.4,6551,41572,326,Product Tags,Softhealer Technologies,MID,91,1,936,0.0,0
20,90,30,65,80,14,10,45,False,41.5,236,3111,25,Material Purchase Requisition and Cost Sheet Integration,Probuse Consulting Service Pvt. Ltd.,MID,91,0,26559,0.0,0
20,90,50,45,80,14,10,45,False,55.1,695,3663,24,Create Custom Building Blocks,Advitus,MID,91,0,5850,0.0,0
35,90,50,45,40,11,10,44,False,55.6,45,402,3,Twilio SMS Gateway,Webkul Software Pvt. Ltd.,MID,90,0,9901,0.0,0
20,90,50,65,70,60,10,54,False,50.4,131,1627,6,Generic Request Field,Center of Research and Development,MID,90,0,15210,0.0,0
20,90,30,65,80,26,10,47,False,46.2,4170,77744,1030,Odoo Facebook Conversions API | Meta Conversion API Integration,Garazd Creation,MID,90,2,25799,0.0,0
20,65,50,45,50,18,70,43,True,61.8,76,824,14,Sticky Notes,faOtools,MID,90,1,3510,0.0,0
20,90,50,65,80,14,10,47,False,50.8,5395,47571,337,POS Keyboard Shortcuts,Webkul Software Pvt. Ltd.,MID,90,3,3000,0.0,0
20,90,30,65,80,26,10,47,False,46.2,4170,77744,1030,Odoo Select Product UOM In Website,Keypress IT Services,MID,90,0,4999,0.0,0
20,90,30,25,50,20,10,38,False,70.6,51,458,2,Universal Appointments: Portal and Website,faOtools,MID,90,0,27612,0.0,0
20,90,50,65,80,14,10,47,False,50.8,5395,47571,337,POS Orders Reprint in Odoo,BROWSEINFO,MID,90,0,3393,0.0,0
35,90,50,25,40,0,10,39,False,72.4,29,120,0,Inactive Sessions Timeout,Openinside,MID,90,0,9041,0.0,0
20,90,50,45,80,13,10,44,False,66.7,600,1914,15,Contact Extra Fields,Softhealer Technologies,MID,90,1,936,0.0,0
20,90,50,45,80,16,10,45,False,63.6,1752,9084,100,Auto Invoice from Picking(Shipment/Delivery),BROWSEINFO,MID,90,0,4095,0.0,0
20,90,50,65,80,14,10,47,False,50.8,5395,47571,337,POS Restaurant (Community),Acespritech Solutions Pvt. Ltd.,MID,90,0,35100,0.0,0
20,90,50,65,80,25,10,49,False,52.8,963,10459,114,Print POS Receipt Report Backend,BROWSEINFO,MID,90,1,1170,0.0,0
20,90,50,45,80,23,10,46,False,64.3,446,4508,25,Journal Restricted Users,Probuse Consulting Service Pvt. Ltd.,MID,90,0,4095,0.0,0
35,90,30,65,40,28,10,47,False,46.9,32,366,13,DHL Express - MyDHL API,Webkul Software Pvt. Ltd.,MID,89,0,14900,0.0,0
20,90,50,65,80,15,10,47,False,53.1,867,10305,74,Inventory Adjustment Backdate,Softhealer Technologies,MID,89,2,4913,0.0,0
20,90,50,45,80,12,10,44,False,57.2,1562,6957,56,Employee Overtime Request Management,Probuse Consulting Service Pvt. Ltd.,MID,89,0,1404,0.0,0
20,90,50,45,80,14,10,45,False,59.8,386,3317,19,Warehouse Restrictions App,Edge Technologies,MID,89,0,2340,0.0,0
20,90,50,45,80,13,10,44,False,61.4,580,3209,28,Export Products with Images in Excel,Edge Technologies,MID,89,0,1404,0.0,0
85,90,30,50,40,0,10,49,False,50.0,2,89,0,Cheque/Check Management in Odoo,Globalteckz,MID,89,0,5733,0.0,0
20,90,50,65,80,14,10,47,False,50.8,5395,47571,337,POS Auto Lot Selection With Barcode,BROWSEINFO,MID,89,0,5733,0.0,0
20,90,50,45,80,10,10,44,False,63.8,1010,5238,24,Task Check List and Approval Process,faOtools,MID,89,0,3510,0.0,0
20,90,50,25,80,17,10,42,False,79.4,3114,10209,101,Account Cheque Life Cycle Management/ Post Dated Check Odoo,BROWSEINFO,MID,89,1,5733,0.0,0
20,90,50,45,80,14,10,45,False,67.2,1478,8780,57,Project Job Costing and Job Cost Sheet With Material Request Odoo,BROWSEINFO,MID,89,0,14508,0.0,0
20,90,50,65,80,14,10,47,False,54.2,931,5744,57,Restrict Out of Stock Product on Sales Order,BROWSEINFO,MID,89,0,1404,0.0,0
20,90,30,45,40,29,10,41,False,56.4,55,444,14,Flexible Timetables and Shifts,faOtools,MID,89,0,8190,0.0,0
20,90,50,45,80,17,10,45,False,56.5,703,5906,73,Inter Company Stock transfer,Craftsync Technologies,MID,89,0,7852,0.0,0
20,90,50,45,60,12,10,43,False,64.9,74,1008,7,Activities Management | All In One Schedule Activities | Activity Dashboard | Advance Schedule Activity | Dynamic Action For Multiple Activities | Activity Management Dashboard | Activities Dashboard,Softhealer Technologies,MID,89,2,6970,0.0,0
50,90,50,45,50,15,10,48,False,66.7,18,306,5,Premium - Hospital Management System (pro),Almighty Consulting Solutions Pvt. Ltd.,MID,88,1,140904,0.0,0
20,90,50,45,80,11,10,44,False,57.1,422,2553,14,Select Lots and Serials by Product in POS,Kanak Infosystems LLP.,MID,88,0,4095,0.0,0
20,90,50,65,80,18,10,48,False,48.4,1578,23967,225,All in One Views,Softhealer Technologies,MID,88,1,3978,0.0,0
20,90,50,45,60,13,10,43,False,56.8,132,720,6,Signup Email Verification,Softhealer Technologies,MID,88,0,3393,0.0,0
20,90,30,65,80,19,10,46,False,48.1,1211,14223,177,Advance Access Management,Terabits Technolab,MID,88,3,64428,0.0,0
20,90,50,45,70,21,10,45,False,64.5,166,924,6,Budget for Job Contracting and Construction Projects,Probuse Consulting Service Pvt. Ltd.,MID,88,0,43992,0.0,0
20,90,50,65,80,14,10,47,False,50.8,5395,47571,337,POS Multi UOM,BROWSEINFO,MID,88,1,2223,0.0,0
20,90,30,65,40,20,10,43,False,51.7,89,735,9,Minimum And Maximum Price Of Product,Softhealer Technologies,MID,88,1,1521,0.0,0
20,90,50,25,80,29,10,44,False,70.8,1312,13296,189,Base Stock 3D Location,Openindustry.it,MID,88,0,5850,0.0,0
20,90,30,85,50,22,10,46,False,35.4,82,830,28,Stripe Fees Extension,Craftsync Technologies,MID,88,3,10976,0.0,0
20,90,50,65,80,14,10,47,False,50.8,5395,47571,337,POS Session Report | POS Z Report | POS Session Z Report | Session Cash In Out,MAISOLUTIONSLLC,MID,87,0,585,0.0,0
20,90,50,65,80,16,10,47,False,51.0,734,7497,64,Point of Sale Credit Limit/Credit Limit on POS,BROWSEINFO,MID,87,0,4563,0.0,0
20,90,50,65,80,15,10,47,False,48.1,780,7607,58,Multiple Branchs/Units Operations for Project App,BROWSEINFO,MID,87,1,19773,0.0,0
20,90,50,65,80,13,10,47,False,54.7,2555,17832,120,Custom Product Tabs,Webkul Software Pvt. Ltd.,MID,87,0,3000,0.0,0
20,90,50,45,80,14,10,45,False,64.7,7299,40629,264,Sale Multi Warehouse Odoo App,BROWSEINFO,MID,87,0,2223,0.0,0
20,90,30,65,80,26,10,47,False,46.2,4170,77744,1030,Odoo Google Merchant Center Professional,Garazd Creation,MID,87,4,20534,0.0,0
20,90,50,45,80,15,10,45,False,62.4,6551,41572,326,Product Cost Price History,Softhealer Technologies,MID,87,1,1404,0.0,0
20,90,50,45,80,14,10,45,False,59.8,386,3317,19,Warehouse Stock Location Access for Users,Edge Technologies,MID,87,0,1638,0.0,0
20,90,30,65,80,26,10,47,False,46.2,4170,77744,1030,Odoo Cancel Stock Transfer,Keypress IT Services,MID,87,3,999,0.0,0
20,90,50,25,80,17,10,42,False,74.8,3101,17021,146,Stock Landed Cost on Average Costing,Edge Technologies,MID,86,0,3276,0.0,0
20,90,50,65,80,14,10,47,False,50.8,5395,47571,337,Pos Multi Barcode Options,Webveer,MID,86,0,3393,0.0,0
20,90,50,45,80,13,10,44,False,61.4,580,3209,28,Export Image in Excel,Evozard,MID,86,0,2489,0.0,0
20,90,50,45,50,16,10,42,False,65.7,105,1111,13,Hierarchy Tree View,Init Co. Ltd,MID,86,1,4975,0.0,0
20,65,50,65,80,14,70,48,True,52.7,3285,24420,208,Website Order Notes,Webkul Software Pvt. Ltd.,MID,86,1,2500,0.0,0
20,90,30,65,80,26,10,47,False,46.2,4170,77744,1030,Odoo Website Customer Address Book,Webkul Software Pvt. Ltd.,MID,86,1,4500,0.0,0
20,90,50,45,80,14,10,45,False,64.7,7299,40629,264,Sale Multi Warehouse,Equick ERP,MID,86,1,1638,0.0,0
20,90,50,45,80,13,10,44,False,57.9,1130,11108,56,Import bill of materials (BOM) from Excel or CSV File in Odoo,BROWSEINFO,MID,86,0,1755,0.0,0
20,90,30,65,80,26,10,47,False,46.2,4170,77744,1030,Odoo POS Customer Pricelist,BROWSEINFO,MID,86,0,4563,5.0,6
20,90,50,45,80,16,10,45,False,63.6,1752,9084,100,Auto Generate Product Barcode (EAN13),FreelancerApps,MID,86,0,1362,0.0,0
20,90,30,65,80,26,10,47,False,46.2,4170,77744,1030,Odoo Customer Credit Limit,Webkul Software Pvt. Ltd.,MID,85,0,4500,0.0,0
20,90,50,45,80,12,10,44,False,55.3,828,5806,38,Image Attachment Compression,Azkatech,MID,85,0,9949,0.0,0
20,90,50,65,80,15,10,47,False,53.1,867,10305,74,Inventory Ledger Report,Setu Consulting Services Pvt. Ltd.,MID,85,0,17433,5.0,5
20,90,30,65,80,19,10,46,False,48.1,1211,14223,177,Advance Down Payment for Sales and Purchase,BROWSEINFO,MID,85,0,1755,0.0,0
20,90,50,45,80,15,10,45,False,62.5,3305,22719,145,Invoice Partial Payment Reconciliation,BROWSEINFO,MID,85,4,10413,0.0,0
20,90,50,45,80,14,10,45,False,64.7,7299,40629,264,Sale Backdate | Change Effective Date | Back Date In Sales | Sale Order Backdate,Softhealer Technologies,MID,85,4,3974,0.0,0
20,90,30,65,80,26,10,47,False,46.2,4170,77744,1030,Odoo Google Tag Manager Enhanced Conversion Tracking,Garazd Creation,MID,85,4,18954,0.0,0
20,90,30,65,80,26,10,47,False,46.2,4170,77744,1030,Odoo Advance Signup,Webkul Software Pvt. Ltd.,MID,85,0,12500,0.0,0
20,90,30,65,80,26,10,47,False,46.2,4170,77744,1030,Odoo Project Budget & Analytic Accounting Management | Real-Time Project Budget & Analytic Cost Tracking in Odoo,Probuse Consulting Service Pvt. Ltd.,MID,85,0,11583,0.0,0
20,90,50,45,80,14,10,45,False,59.8,386,3317,19,Warehouse Stock Rotation Report Odoo,BROWSEINFO,MID,85,1,5733,0.0,0
20,90,50,65,80,14,10,47,False,50.8,5395,47571,337,POS Mobile Barcode Scanner | POS Mobile QRCode Scanner | Point Of Sale Mobile Barcode Scanner | Point Of Sale Mobile QRCode Scanner,Softhealer Technologies,MID,85,0,8424,0.0,0
20,90,50,45,80,23,10,46,False,64.3,446,4508,25,Journal Restriction on Users,Preway IT Solutions,MID,85,0,1170,0.0,0
35,90,50,65,60,14,10,48,False,53.1,49,477,4,Outgoing SMTP Mail Server Per User,Bizople Solutions Pvt. Ltd.,MID,85,0,1755,0.0,0
20,90,50,65,80,14,10,47,False,50.8,5395,47571,337,POS Product Sequence,Kanak Infosystems LLP.,MID,84,0,1170,0.0,0
20,90,50,45,80,23,10,46,False,67.3,4418,25377,346,AI Invoice OCR & PDF Invoice Data Extraction Automation for Odoo,Vizion Tools,LOSER,0,0,797,0.0,0
20,90,50,25,80,24,10,44,False,81.4,285,2436,36,AZ CNAE 2025,Rolan Benavent Talens,LOSER,0,0,4095,0.0,0
20,90,50,25,80,24,10,44,False,81.4,285,2436,36,AZ Custom Product Tabs,Rolan Benavent Talens,LOSER,0,0,1977,0.0,0
20,90,50,25,80,17,10,42,False,79.4,3114,10209,101,Account Cashflow,TKOpen,LOSER,0,0,23283,0.0,0
20,90,50,25,80,17,10,42,False,79.4,3114,10209,101,Account Cashflow & Approvals,TKOpen,LOSER,0,0,34866,0.0,0
20,90,30,65,80,19,10,46,False,48.1,1211,14223,177,Advance Batch Payslip,Craftsync Technologies,LOSER,0,0,2223,0.0,0
20,90,30,65,80,19,10,46,False,48.1,1211,14223,177,Advance Discount Tracking,Webkul Software Pvt. Ltd.,LOSER,0,0,2500,0.0,0
20,90,30,65,80,19,10,46,False,48.1,1211,14223,177,Advance Website Product Description | Website Product Variant Description | Website Product Description,Varanval IT Solutions,LOSER,0,0,2000,0.0,0
20,90,30,45,80,24,10,44,False,58.5,578,6701,112,Advanced Field-Level Security (ACL Plus),Daksh Solutions & Services,LOSER,0,0,6043,0.0,0
20,90,30,45,80,24,10,44,False,58.5,578,6701,112,Advanced WhatsApp Web Integration | Send Quotation | Send Invoice | Without Business API,Micra Digital,LOSER,0,0,4875,0.0,0
35,20,30,10,30,0,10,19,False,100.0,24,0,0,Agileconsulting Purchase Security,Agile Consulting,LOSER,0,0,99111,0.0,0
70,16,30,45,30,0,10,28,False,60.0,5,8,0,Album Gallery,Moval Agroingeniería,LOSER,0,0,1170,0.0,0
20,90,50,65,80,18,10,48,False,48.4,1578,23967,225,"All In one Bulk Confirm Order, Bulk Confirm Sale Order, Bulk Confirm Purchase Order, Bulk Confrim Repair Order, Mass Confirm multiple",DevIntelle Consulting Service Pvt.Ltd,LOSER,0,0,4446,0.0,0
20,54,50,45,30,20,10,34,False,62.1,58,137,6,Alternative Products,Seventh Dimension,LOSER,0,0,4795,0.0,0
20,54,50,45,30,20,10,34,False,62.1,58,137,6,Alternative detailed payslip design (for Odoo13 Enterprise),João Jerónimo,LOSER,0,0,8190,0.0,0
20,90,50,25,70,20,10,42,False,75.6,634,2065,35,Analytic Account Task,CLuedoo,LOSER,0,0,25380,0.0,0
20,90,50,25,70,20,10,42,False,75.6,634,2065,35,Analytic Line Type + Update analytic item On action/change,CLuedoo,LOSER,0,0,10152,0.0,0
20,90,50,45,80,15,10,45,False,58.3,516,2865,28,Attach XML to Purchase Order (Mexican Localization),Vauxoo,LOSER,0,0,109093,0.0,0
50,88,50,25,30,21,10,44,False,71.4,21,88,3,Audio on Create and Edit,Probuse Consulting Service Pvt. Ltd.,LOSER,0,0,2223,0.0,0
20,90,50,45,80,16,10,45,False,62.1,338,2412,31,Auth Signup Form,Futurelens,LOSER,0,0,1170,0.0,0
20,90,50,45,80,16,10,45,False,63.6,1752,9084,100,"Auto start ""Activity"" by ""Oportunity""",Unicoding,LOSER,0,0,5849,0.0,0
50,90,50,45,30,28,10,48,False,57.9,19,251,5,Autofill Contact Address,Namah Softech Pvt Ltd,LOSER,0,0,9133,0.0,0
20,90,50,45,80,10,10,44,False,68.3,278,1178,2,Automatic Partner Reference & Partner hierarchy view,CLuedoo,LOSER,0,0,10152,0.0,0
20,90,50,65,80,15,10,47,False,54.6,703,5702,52,"Back Order Notification YES/NO ""Community & Enterprise",Kit Solutions,LOSER,0,0,2339,0.0,0
85,20,30,50,30,0,10,33,False,100.0,1,0,0,Bdtask Microfinance,bdtask,LOSER,0,0,65057,0.0,0
50,90,30,45,40,12,10,44,False,57.1,14,79,1,BigQuery Connector Lite,Niyu Labs,LOSER,0,0,19901,0.0,0
20,90,30,65,80,15,10,45,False,51.6,622,4204,52,Bill approval security,SageOre,LOSER,0,0,998,0.0,0
70,40,50,65,30,0,10,39,False,50.0,8,20,0,Bing Photo of the Day Background,PyProject,LOSER,0,0,584,0.0,0
20,90,50,45,40,14,10,41,False,58.1,160,852,13,Booking,David Montero Crespo,LOSER,0,0,3510,0.0,0
20,90,50,45,70,21,10,45,False,64.5,166,924,6,Budget Invoice Alert,Alphasoft,LOSER,0,0,9945,0.0,0
35,20,30,10,30,0,10,19,False,100.0,4,0,0,Bugfree Sale Quotation Attachments (PDF Merge),Bugfree do Brasil,LOSER,0,0,4857,0.0,0
20,90,30,65,60,11,10,43,False,53.7,231,1061,10,Bulk Lot and Serial Number Generator,Dynexcel,LOSER,0,0,2679,0.0,0
35,90,50,45,30,12,10,43,False,65.9,41,139,2,Buy or Produce require stock,Amazing Apps,LOSER,0,0,5979,0.0,0
85,20,30,50,30,0,10,33,False,100.0,1,0,0,CCHI Insurance Integration KSA,NEZAM ERP,LOSER,0,0,29793,0.0,0
20,90,50,65,40,18,10,45,False,50.0,68,548,8,CERTIFICATE OF EMPLOYMENT,paiesoft.pro,LOSER,0,0,4680,0.0,0
70,85,30,45,30,44,10,51,False,66.7,9,85,6,CPQ Management - Base,Techvaria,LOSER,0,0,14900,0.0,0
20,90,50,45,80,16,10,45,False,68.6,874,4548,43,CRM Facebook Lead Integration,Rahul,LOSER,0,0,8267,0.0,0
20,90,50,45,80,16,10,45,False,68.6,874,4548,43,CRM Opportunity Products Multi Branches,Zero Systems,LOSER,0,0,39780,0.0,0
20,90,50,45,80,16,10,45,False,68.6,874,4548,43,CRM Stage Overview Group,Binary Bridge Technology Services,LOSER,0,0,4200,0.0,0
20,90,50,45,80,16,10,45,False,68.6,874,4548,43,CRM to Purchase Multi Branches,Zero Systems,LOSER,0,0,51480,0.0,0
35,20,30,10,30,0,10,19,False,100.0,4,0,0,CYO Shopify Order,Eauto Tech,LOSER,0,0,133380,0.0,0
50,48,30,45,30,0,10,32,False,66.7,15,24,0,Calibration Laboratory Management – Dashboard (OWL) | ISO 17025:2017 compliant,Binary Bridge Technology Services,LOSER,0,0,95000,0.0,0
20,90,50,45,60,17,10,43,False,63.0,154,791,5,Call Center WhatsApp - Customer Engagement & Sales Automation,Dustin Mimbela,LOSER,0,0,55575,0.0,0
20,90,50,45,60,17,10,43,False,63.0,154,791,5,Call History for Genesys Cloud,WesalCX,LOSER,0,0,736971,0.0,0
20,90,50,45,80,17,10,45,False,59.8,418,3350,34,Cash Receipt,LimaFac,LOSER,0,0,1588,0.0,0
85,20,30,50,30,0,10,33,False,100.0,1,0,0,Cathedis Delivery Integration,CDS Solutions SRL,LOSER,0,0,16745,0.0,0
20,90,50,45,80,23,10,46,False,68.4,256,1828,38,Chart of Accounts,Terrabit,LOSER,0,0,17550,0.0,0
20,90,50,45,50,22,10,43,False,63.7,386,1602,42,Chatter HTML Editor,Tuan Nguyen Van,LOSER,0,0,3255,0.0,0
20,90,50,45,80,12,10,44,False,61.1,664,3722,17,Check Stock,Jupical Technologies Pvt. Ltd.,LOSER,0,0,5335,0.0,0
85,20,30,50,30,0,10,33,False,100.0,1,0,0,Cobrar con Tarjeta mediante STRIPE en Ecuador,PJFlow.io,LOSER,0,0,3036,0.0,0
35,2,30,10,30,30,10,20,False,87.5,8,1,1,Commodity Contracts,Grevlin Global Corp.,LOSER,0,0,13217,0.0,0
20,90,50,25,40,14,10,39,False,74.0,354,793,4,Confirm Multiple Sale Orders,Namah Softech Private Limited,LOSER,0,0,1506,0.0,0
20,90,30,65,80,26,10,47,False,43.8,162,2775,25,Construction Operations | Site Operations Management System | Construction ERP Suite | Construction Project Management Suite,Binary Bridge Technology Services,LOSER,0,0,86000,0.0,0
20,90,50,45,80,13,10,44,False,66.7,600,1914,15,Contact group in reports,RL Software Development ApS,LOSER,0,0,24570,0.0,0
20,90,50,45,80,14,10,45,False,55.1,695,3663,24,Create Contact/Customer by Sales Agent | Agent-Initiated Customer Creation Website,Probuse Consulting Service Pvt. Ltd.,LOSER,0,0,33813,0.0,0
20,90,50,65,80,11,10,47,False,53.0,336,2814,14,Credit Management,Aktiv Software,LOSER,0,0,5507,0.0,0
20,90,50,65,80,13,10,47,False,54.7,2555,17832,120,Custom Kitchen Receipt,JakeTheMan,LOSER,0,0,9949,0.0,0
20,90,50,65,80,12,10,47,False,50.7,1666,13293,70,Customer Portal with Timesheets by Week,Probuse Consulting Service Pvt. Ltd.,LOSER,0,0,6903,0.0,0
70,14,30,45,30,30,10,33,False,57.1,7,7,1,Dachser Shipping Integration,Softhealer Technologies,LOSER,0,0,15913,0.0,0
20,90,50,45,80,12,10,44,False,62.2,1280,5991,53,Delivery EnvioClickPro Shipping,Synodica Solutions Pvt. Ltd.,LOSER,0,0,14900,0.0,0
20,90,50,45,80,12,10,44,False,62.2,1280,5991,53,Delivery Order by Sale Line,DevIntelle Consulting Service Pvt.Ltd,LOSER,0,0,1755,0.0,0
20,90,50,45,80,12,10,44,False,62.2,1280,5991,53,Delivery Route Manage. 送货线路管理,odooai.cn,LOSER,0,0,49608,0.0,0
85,20,30,50,30,0,10,33,False,100.0,1,0,0,Desglose tiempo personal empleado,Toh Soluciones Digitales,LOSER,0,0,1004,0.0,0
20,90,30,45,40,15,10,39,False,58.9,107,309,4,Digital Menu,Ahmed Magdy,LOSER,0,0,15933,0.0,0
20,90,50,45,80,35,10,48,False,59.4,320,5038,93,Direct Print,Synodica Solutions Pvt. Ltd.,LOSER,0,0,9901,0.0,0
35,2,50,10,30,30,10,22,False,88.9,9,1,1,Disallow edit price in sale order line,Kanak Infosystems LLP.,LOSER,0,0,2340,0.0,0
85,20,30,50,30,0,10,33,False,100.0,1,0,0,DooRules AI Connector,Todooweb (www.todooweb.com),LOSER,0,0,584,0.0,0
70,4,50,25,30,0,10,26,False,75.0,8,2,0,Droit de timbre client - Algérie LF2025,Elosys,LOSER,0,0,12870,0.0,0
35,90,30,45,40,10,10,41,False,59.3,27,627,3,Dropbox Sync,ezway technology,LOSER,0,0,1404,0.0,0
20,90,50,45,80,17,10,45,False,59.1,1341,8873,101,EDI Related Documents,Vauxoo,LOSER,0,0,9982,0.0,0
20,90,50,65,30,29,10,46,False,51.3,398,2620,57,Ecommerce Common Connector,IniyaSoft Technologies,LOSER,0,0,2339,0.0,0
20,90,50,65,30,29,10,46,False,51.3,398,2620,57,Ecommerce New Product Requisition,Technaureus Info Solutions Pvt. Ltd.,LOSER,0,0,5499,0.0,0
20,90,50,45,80,12,10,44,False,57.2,1562,6957,56,Employee Birthday Wishes & Reminder,Namah Softech Private Limited,LOSER,0,0,1506,0.0,0
70,4,30,25,30,30,10,28,False,75.0,8,2,1,Engagement,DFW IT Partner,LOSER,0,0,353087,0.0,0
20,90,50,45,80,10,10,44,False,59.8,194,1906,4,Entry Generator,Ahmed Nour,LOSER,0,0,6964,0.0,0
35,42,30,10,30,0,10,23,False,94.1,34,21,0,Escalate Stale Apps,Majorbird,LOSER,0,0,1935,0.0,0
35,20,30,10,30,0,10,19,False,100.0,12,0,0,Escalate: Abandoned Cart,Majorbird,LOSER,0,0,1935,0.0,0
85,76,30,50,30,0,10,45,False,50.0,2,38,0,Etsy Store Management,ECOSIRE (PRIVATE) LIMITED,LOSER,0,0,35581,0.0,0
20,90,50,25,50,22,10,41,False,73.9,138,472,6,Extended Marketplace Connector,Terrabit,LOSER,0,0,111150,0.0,0
85,6,30,50,30,0,10,30,False,66.7,3,3,0,Fawry Website Payment,CDS Solutions SRL,LOSER,0,0,19864,0.0,0
35,90,50,45,30,0,10,41,False,65.6,32,47,0,Feedback Form,AppForge,LOSER,0,0,1170,0.0,0
20,90,50,25,80,14,10,42,False,73.0,904,4271,30,Field Revision Rollback,Nirav Rathod,LOSER,0,0,1519,0.0,0
20,90,50,25,80,17,10,42,False,70.2,1014,4443,54,Form View Edit & Discard Control,Nimmu Technologies,LOSER,0,0,1019,0.0,0
20,65,50,25,80,17,70,43,True,70.2,1014,4443,54,Form View Full Screen,Softhealer Technologies,LOSER,0,0,3411,0.0,0
85,20,30,50,30,0,10,33,False,100.0,1,0,0,Fruugo Store Management,ECOSIRE (PRIVATE) LIMITED,LOSER,0,0,25385,0.0,0
20,90,50,65,50,10,10,44,False,49.0,51,272,1,GD Stock Warehouse POS,Gustavo Cacharuco,LOSER,0,0,2498,0.0,0
35,36,30,65,30,27,10,34,False,53.8,39,108,8,GLS Denmark Shipping Integration,SoftHealer Technologies,LOSER,0,0,14041,0.0,0
85,20,30,50,30,0,10,33,False,100.0,1,0,0,Geographical Sale Dashboard,BeyonData Solutions Private Limited,LOSER,0,0,1287,0.0,0
20,90,50,25,80,18,10,43,False,73.4,1393,4063,45,HR Idea Junction,KTree Computer Solutions India (P) Ltd,LOSER,0,0,17550,0.0,0
20,90,50,25,80,18,10,43,False,73.4,1393,4063,45,HR Leave Management,PT Teknologi Inovasi Labs,LOSER,0,0,11858,0.0,0
50,90,30,85,30,17,10,49,False,29.4,17,175,4,Healthcare Ambulance Service,Sitaram,LOSER,0,0,15210,0.0,0
20,90,50,45,80,12,10,44,False,57.1,480,3242,11,Helpdesk Pro,Adil Akbar,LOSER,0,0,17433,0.0,0
70,20,30,65,30,0,10,32,False,50.0,8,10,0,Hesabe Payment Provider,Bahey Wadea,LOSER,0,0,14923,0.0,0
20,90,50,45,80,14,10,45,False,55.5,876,5169,55,Hide Create/Edit Buttons,DP InfoSol,LOSER,0,0,1170,0.0,0
20,90,50,45,80,14,10,45,False,55.5,876,5169,55,Hide Invoice Bill Description,DevIntelle Consulting Service Pvt.Ltd,LOSER,0,0,1170,0.0,0
20,90,50,45,80,14,10,45,False,55.5,876,5169,55,Hide OdooBot User | Hide Root User,Khaled Hassan,LOSER,0,0,1170,0.0,0
20,90,50,45,80,14,10,45,False,55.5,876,5169,55,Hide Price and Cart button,Jony Ghosh,LOSER,0,0,2497,0.0,0
20,90,50,45,80,14,10,45,False,55.5,876,5169,55,Hide description of products in Purchase,Piotr Cierkosz,LOSER,0,0,1170,0.0,0
20,90,50,85,40,18,10,47,False,40.0,125,3982,78,Hospital Emergency Management App,Edge Technologies,LOSER,0,0,12285,0.0,0
35,20,30,10,30,0,10,19,False,100.0,17,0,0,ITSM Pro: Incident Management,Genin IT,LOSER,0,0,122616,0.0,0
20,90,50,45,80,13,10,44,False,57.9,1130,11108,56,Import Sales Order,Uncanny Consulting Services LLP,LOSER,0,0,1991,0.0,0
35,90,50,45,30,0,10,41,False,55.6,27,116,0,Instant Lead Notification,rising systems AG,LOSER,0,0,34983,0.0,0
20,90,50,65,80,15,10,47,False,53.1,867,10305,74,Inventory Insight Report,SkyERP,LOSER,0,0,9839,0.0,0
20,90,50,65,80,15,10,47,False,53.1,867,10305,74,Inventory Valuation Statistics,Geminate Consultancy Services,LOSER,0,0,2924,0.0,0
20,90,50,45,80,15,10,45,False,62.5,3305,22719,145,Invoice Analysis Extension,Jupical Technologies Pvt. Ltd.,LOSER,0,0,4095,0.0,0
20,90,50,45,80,15,10,45,False,62.5,3305,22719,145,Invoice Multilevel Approvals,KoderXpert Technologies LLP,LOSER,0,0,10019,0.0,0
20,90,50,45,80,15,10,45,False,62.5,3305,22719,145,Invoice Payment Due History,Albin John,LOSER,0,0,3861,0.0,0
20,90,50,45,80,15,10,45,False,62.5,3305,22719,145,Invoice XLSX,Alphasoft,LOSER,0,0,3510,0.0,0
20,90,50,25,50,0,10,37,False,70.9,127,745,0,Issue Tracker,Ajay Kumar Ravidas,LOSER,0,0,1065,0.0,0
35,20,70,10,30,0,10,23,False,100.0,11,0,0,Japan Employee Profile,Serpent Consulting Services Pvt. Ltd.,LOSER,0,0,70083,0.0,0
70,74,30,25,30,0,10,39,False,75.0,4,37,0,Jewelry Info,Trinh Hiep Hoa,LOSER,0,0,25390,0.0,0
20,17,30,10,30,30,10,20,False,89.0,109,17,2,Kaizen Hr Evaluation,Kaizen Principles,LOSER,0,0,2538,0.0,0
20,17,30,10,30,30,10,20,False,89.0,109,17,2,Kaizen – Geolocation Map Widget (Contacts),Kaizen Principles,LOSER,0,0,2335,0.0,0
85,20,30,50,30,0,10,33,False,100.0,1,0,0,Khmer Unicode for order and invoice pdf,V Technologies,LOSER,0,0,2995,0.0,0
20,90,30,85,60,16,10,46,False,35.8,120,1890,15,Kitchen Display Screen,Insightful ERP Solution,LOSER,0,0,4955,0.0,0
85,20,30,50,30,0,10,33,False,100.0,1,0,0,LSS POS Validator Stock,Luis Alberto Ramirez Gamez,LOSER,0,0,2023,0.0,0
20,90,50,45,30,21,10,42,False,61.4,373,1826,28,Lead Custom Fields | Custom Fields in Odoo,DevIntelle Consulting Service Pvt.Ltd,LOSER,0,0,1287,0.0,0
20,90,50,25,30,13,10,38,False,84.5,58,60,1,Library Management System,Softhealer Technologies,LOSER,0,0,7718,0.0,0
35,90,50,25,30,11,10,40,False,77.1,35,138,1,Life Insurance Policy & Agent Management in Odoo,Reliution,LOSER,0,0,12000,0.0,0
35,90,30,45,30,12,10,40,False,57.9,38,152,2,Logout Alert,Harhu,LOSER,0,0,15349,0.0,0
85,20,30,50,30,0,10,33,False,100.0,2,0,0,M-Invoice Electronic Invoice Integration,James,LOSER,0,0,2039,0.0,0
20,90,50,25,80,23,10,43,False,72.0,3152,15693,232,MO Status Management & Tracking,Webkul Software Pvt. Ltd.,LOSER,0,0,5900,0.0,0
20,90,50,25,70,17,10,42,False,80.1,840,2102,16,MRP BoM Cost Price,CodeSphere Tech,LOSER,0,0,750,0.0,0
20,90,50,45,80,12,10,44,False,58.5,275,1456,6,Maintenance Request Report,Heliconia Solutions Pvt. Ltd.,LOSER,0,0,819,0.0,0
50,90,30,65,30,0,10,44,False,42.1,19,46,0,Malaysia Base Setup,Serpent Consulting Services Pvt. Ltd.,LOSER,0,0,23283,0.0,0
20,90,50,45,60,27,10,45,False,57.9,95,834,22,Marketing Countdown Timers,Barameg,LOSER,0,0,23400,0.0,0
20,90,50,65,80,14,10,47,False,53.7,369,2463,21,Merge Invoice,CLuedoo,LOSER,0,0,10152,0.0,0
20,90,50,65,80,14,10,47,False,53.7,369,2463,21,Merge Invoices,Namah Softech Private Limited,LOSER,0,0,2510,0.0,0
50,90,50,25,30,12,10,43,False,77.3,22,177,2,Milestone Based Billing for Purchase Orders,Hamdek,LOSER,0,0,1755,0.0,0
20,90,50,65,80,14,10,47,False,50.0,232,2552,19,"Mobile Footer Navigator,QRCode,Global header search.网站移动端全面增强",odooai.cn,LOSER,0,0,11466,0.0,0
20,90,50,65,80,14,10,47,False,50.0,232,2552,19,Mobile Repair Management,DevIntelle Consulting Service Pvt.Ltd,LOSER,0,0,10296,0.0,0
20,90,50,65,80,16,10,47,False,53.4,2324,20333,213,Multi Barcode for POS and Sale with import multi Barcode(Community & Enterprise),MAISOLUTIONSLLC,LOSER,0,0,1755,0.0,0
20,90,50,65,80,16,10,47,False,53.4,2324,20333,213,Multi Branch Planning Management | Multiple Branch Unit for Planning | Manage Multiple Branch for Planning,BROWSEINFO,LOSER,0,0,5733,0.0,0
20,90,50,65,80,16,10,47,False,53.4,2324,20333,213,Multi Product Quick Import(Sales),Kanak Infosystems LLP.,LOSER,0,0,8190,0.0,0
20,90,50,65,80,16,10,47,False,53.4,2324,20333,213,Multi UoM Inventory Comparison Report XLSX,Serpent Consulting Services Pvt. Ltd.,LOSER,0,0,3510,0.0,0
70,2,50,25,30,0,10,25,False,75.0,4,1,0,NBE Payment Acquirer,Eslam Ahmed,LOSER,0,0,29250,0.0,0
85,20,30,50,30,0,10,33,False,100.0,1,0,0,Ninebox Chart | Employee NineBox | Ninebox Employee | NineBox | HR Employee Ninebox,AVERIANS,LOSER,0,0,1872,0.0,0
20,43,30,45,30,27,10,30,False,69.8,126,499,33,OE Accounting: CardConnect ACH,Odoo Engineering LLC,LOSER,0,0,6435,0.0,0
20,43,30,45,30,27,10,30,False,69.8,126,499,33,OE Accounting: CardConnect Integration,Odoo Engineering LLC,LOSER,0,0,6435,0.0,0
70,90,50,45,40,11,10,50,False,66.7,9,136,1,OSIS Account Payment Register,Osis technologie,LOSER,0,0,19799,0.0,0
20,90,30,65,80,26,10,47,False,46.2,4170,77744,1030,Odoo Data Migration JSON-RPC,SageOre,LOSER,0,0,4995,0.0,0
20,90,30,65,80,26,10,47,False,46.2,4170,77744,1030,Odoo NBOX Integration,Three Dot Solutions,LOSER,0,0,40158,0.0,0
20,90,30,65,80,26,10,47,False,46.2,4170,77744,1030,Odoo User Change Audit,Projects21 ai,LOSER,0,0,10087,0.0,0
20,90,30,65,80,26,10,47,False,46.2,4170,77744,1030,Odoo White label,Dakon,LOSER,0,0,10025,0.0,0
20,90,30,65,80,26,10,47,False,46.2,4170,77744,1030,"Odoo Woocommerce connector for synchronize category, products, orders data, Multiple Woocommerce store connection, Cron Jobs",Axis Technolabs,LOSER,0,0,11950,0.0,0
20,90,30,65,80,26,10,47,False,46.2,4170,77744,1030,Odoo eLearning Solution with Mobile Apps - Skillika,EKIKA,LOSER,0,0,40892,0.0,0
50,90,50,65,30,14,10,49,False,50.0,12,50,1,Official Paytrail Payment Acquirer,Rightshore Consulting,LOSER,0,0,11583,0.0,0
35,90,30,85,30,12,10,46,False,40.0,40,181,2,Offline Invoice,Lebowski,LOSER,0,0,8975,0.0,0
50,30,30,25,30,0,10,25,False,75.0,24,15,0,Opencloud purchase order lines views,Opencloud,LOSER,0,0,4563,0.0,0
70,90,30,45,30,24,10,49,False,60.0,10,87,2,Openpay Payment Connector | Openpay Payment Acquirer | Openpay Payment Gateway,BROWSEINFO,LOSER,0,0,9243,0.0,0
20,90,50,45,80,14,10,45,False,55.9,564,4138,27,PDF Report Preview,Acespritech Solutions Pvt. Ltd.,LOSER,0,0,2925,0.0,0
20,90,50,45,80,14,10,45,False,55.9,564,4138,27,PDF Template Merge,Evozard,LOSER,0,0,3984,0.0,0
85,8,30,50,30,0,10,30,False,66.7,3,4,0,PO/SO Report,EBITDA SOLUTIONS LLP,LOSER,0,0,3847,0.0,0
20,90,50,65,80,14,10,47,False,50.8,5395,47571,337,POS Button Access Control,Codusic Technology,LOSER,0,0,2000,0.0,0
20,90,50,65,80,14,10,47,False,50.8,5395,47571,337,POS Clear & Remove Lines,Odoo GlobalOps,LOSER,0,0,500,0.0,0
20,90,50,65,80,14,10,47,False,50.8,5395,47571,337,POS Discount Restrict,Kaizen Principles,LOSER,0,0,2518,0.0,0
20,90,50,65,80,14,10,47,False,50.8,5395,47571,337,POS Hide Product Info,Odoo Hub,LOSER,0,0,585,0.0,0
20,90,50,65,80,14,10,47,False,50.8,5395,47571,337,POS Items & Quantity Counter,Evvotech Infinite Possibilities,LOSER,0,0,398,0.0,0
20,90,50,65,80,14,10,47,False,50.8,5395,47571,337,POS Items Count,Leo Daniel FS,LOSER,0,0,505,0.0,0
20,90,50,65,80,14,10,47,False,50.8,5395,47571,337,POS MealVoucher Paiement,Icloud Solutions,LOSER,0,0,11583,0.0,0
20,90,50,65,80,14,10,47,False,50.8,5395,47571,337,"POS Multi-UOM, Scan & Select Lot, Used in a real pharmacy chain",Hieu Hoang,LOSER,0,0,12225,0.0,0
20,90,50,65,80,14,10,47,False,50.8,5395,47571,337,POS Payment Reference,QoriTech,LOSER,0,0,1000,0.0,0
20,90,50,65,80,14,10,47,False,50.8,5395,47571,337,POS Product History || Product POS Order History || POS Order History || Product Point of Sale History,OMAX Informatics,LOSER,0,0,1013,0.0,0
20,90,50,65,80,14,10,47,False,50.8,5395,47571,337,POS Product Stock Display (On-Hand / Forecast),Sunray Datalinks,LOSER,0,0,1012,0.0,0
20,90,50,65,80,14,10,47,False,50.8,5395,47571,337,POS RMA,Webkul Software Pvt. Ltd.,LOSER,0,0,9901,0.0,0
20,90,50,65,80,14,10,47,False,50.8,5395,47571,337,POS Receipt Flexible,TL Technology,LOSER,0,0,8775,0.0,0
20,90,50,65,80,14,10,47,False,50.8,5395,47571,337,POS Receipt Invoice Report,Omega System,LOSER,0,0,1404,0.0,0
20,90,50,65,80,14,10,47,False,50.8,5395,47571,337,POS Serial/Lot Number Required,Softarena,LOSER,0,0,1493,0.0,0
20,90,50,65,80,14,10,47,False,50.8,5395,47571,337,POS Swipe to Delete Order Line,Nezam,LOSER,0,0,1000,0.0,0
20,90,50,65,80,13,10,47,False,52.9,329,2223,11,PPE - Personal Protective Equipment Management,XFanis,LOSER,0,0,1989,0.0,0
20,90,50,25,80,17,10,42,False,81.6,1700,4023,37,Partner Account,Alphasoft,LOSER,0,0,5265,0.0,0
20,90,50,25,80,17,10,42,False,81.6,1700,4023,37,Partner Share Holder,T.V.T Marine Automation (aka TVTMA),LOSER,0,0,11688,0.0,0
20,90,50,25,80,17,10,42,False,81.6,1700,4023,37,Partner not Archive Delete MFH,Marlon Falcon Hernandez,LOSER,0,0,11583,0.0,0
20,90,50,45,80,14,10,45,False,58.6,2983,16994,164,"Payment Due Date difference in Days for Invoice, Bill, Credit Note, Receipt, Refund",OMAX Informatics,LOSER,0,0,4520,0.0,0
20,90,50,45,80,14,10,45,False,58.6,2983,16994,164,Payment Filters,Softhealer Technologies,LOSER,0,0,936,0.0,0
20,90,50,45,80,14,10,45,False,58.6,2983,16994,164,Payment Provider: PayU,Gritxi Technologies Pvt. Ltd.,LOSER,0,0,6000,0.0,0
20,90,50,65,60,10,10,45,False,53.1,262,1131,4,Payslip Batches Type Enterprise,Openinside,LOSER,0,0,7675,0.0,0
35,90,30,45,40,21,10,43,False,57.9,38,571,12,Pharmacy WhatsApp Notification (Enterprise Edition),Almighty Consulting Solutions Pvt. Ltd.,LOSER,0,0,16501,0.0,0
35,20,50,10,30,0,10,21,False,100.0,5,0,0,Philippines - Attendance,Osynx Solutions,LOSER,0,0,151804,0.0,0
20,90,50,65,80,14,10,47,False,50.8,5395,47571,337,PoS Receipt Design | POS Custom Receipt Layouts,PyBeans,LOSER,0,0,1989,0.0,0
20,90,50,65,80,16,10,47,False,51.0,734,7497,64,Point of Sale Analysis Dates,Geminate Consultancy Services,LOSER,0,0,5849,0.0,0
20,90,50,45,80,14,10,45,False,55.2,801,3599,48,Portal Sales Order - Create Quotation from Portal,Bizople Solutions Pvt. Ltd.,LOSER,0,0,10530,0.0,0
20,65,50,45,30,14,70,41,True,60.0,60,124,3,Prevent Edit/Delete Messages,BEC-EG,LOSER,0,0,700,0.0,0
20,90,50,65,80,25,10,49,False,52.8,963,10459,114,Print Fleet Report PDF,Probuse Consulting Service Pvt. Ltd.,LOSER,0,0,1053,0.0,0
20,90,50,65,80,25,10,49,False,52.8,963,10459,114,Print Planning Slot in PDF Format,Probuse Consulting Service Pvt. Ltd.,LOSER,0,0,1053,0.0,0
20,90,50,65,80,25,10,49,False,52.8,963,10459,114,Print Product Barcode Labels(24 Labels/Page) (Product/Template/Purchase/Picking),TidyWay,LOSER,0,0,5850,0.0,0
35,90,50,45,50,21,10,46,False,63.4,41,295,2,Private Thread,AppsFolio,LOSER,0,0,2740,0.0,0
20,90,50,45,80,15,10,45,False,62.4,6551,41572,326,Product Barcode Lookup | Barcode Lookup | Product Barcode,Technoverse Systems,LOSER,0,0,2933,0.0,0
20,90,50,45,80,15,10,45,False,62.4,6551,41572,326,Product Size Chart,Atharva System,LOSER,0,0,2340,0.0,0
20,90,50,45,80,15,10,45,False,62.4,6551,41572,326,Product Standard Price Access - Accountant,T.V.T Marine Automation (aka TVTMA),LOSER,0,0,1158,0.0,0
20,90,50,45,80,15,10,45,False,62.4,6551,41572,326,Product Variant Display in POS,BeyonData Solutions Private Limited,LOSER,0,0,5122,0.0,0
20,90,50,45,80,15,10,45,False,62.4,6551,41572,326,Product revaluation with SN/Lot v18,CLuedoo,LOSER,0,0,25380,0.0,0
20,90,50,45,80,15,10,45,False,62.4,6551,41572,326,Product to PDF,Broditech Solutions S.L.,LOSER,0,0,4095,0.0,0
20,90,50,45,80,14,10,45,False,67.2,1478,8780,57,Project Assigned Internal Users Management,Odoo GlobalOps,LOSER,0,0,2500,0.0,0
20,90,50,45,80,14,10,45,False,67.2,1478,8780,57,Project Overview,ticinoWEB,LOSER,0,0,71955,0.0,0
20,90,50,45,80,14,10,45,False,67.2,1478,8780,57,Project Task archive documents,BADEP,LOSER,0,0,2223,0.0,0
20,90,50,45,80,14,10,45,False,67.2,1478,8780,57,Project Team,Namah Softech Private Limited,LOSER,0,0,2008,0.0,0
20,90,50,45,70,10,10,43,False,58.6,99,627,3,Promotion Voucher - Vietnam Accounting,T.V.T Marine Automation (aka TVTMA),LOSER,0,0,8845,0.0,0
20,90,50,25,30,22,10,39,False,75.0,112,282,4,Public Employee Birthday Filters,T.V.T Marine Automation (aka TVTMA),LOSER,0,0,5686,0.0,0
20,90,50,45,80,14,10,45,False,62.9,3370,20091,115,Purchase Award Letter | Purchase Latter,DevIntelle Consulting Service Pvt.Ltd,LOSER,0,0,2340,0.0,0
