sat,demand,gap,dead_health,moat,momentum,forced_buyer,rating_score,viability,is_migrator,dead_pct,niche_n,niche_tp,display_name,tier,total_purchases,last_month,price_cents,rating,reviews,author
90,90,60,50,20,90,10,50,60,False,0.0,2,6880,Emipro Connector Engine,WINNER,4841,80,2340,0.0,0,Emipro Technologies Pvt. Ltd.
15,75,20,45,65,66,10,100,55,False,58.7,649,9805,Dashboard Ninja with AI,WINNER,3018,26,54611,5.0,188,Ksolves India Ltd.
90,90,60,50,20,90,10,50,60,False,0.0,1,2309,Droggol Theme Common,WINNER,2309,36,995,0.0,0,Droggol Infotech Private Limited
15,75,60,45,20,84,10,100,56,False,68.3,82,3134,Shopify Odoo Connector,WINNER,2253,42,58383,5.0,259,Emipro Technologies Pvt. Ltd.
90,90,60,50,20,90,10,50,60,False,0.0,2,6880,Emipro Theme Base,WINNER,2039,8,4980,0.0,0,Emipro Technologies Pvt. Ltd.
15,60,20,65,85,67,10,100,58,False,46.2,4170,77744,Odoo WooCommerce Connector,WINNER,1751,14,58383,5.0,119,Emipro Technologies Pvt. Ltd.
15,60,20,65,85,67,10,100,58,False,46.2,4170,77744,Odoo Direct Print PRO,WINNER,1729,35,23283,5.0,69,VentorTech
15,60,20,45,65,68,10,100,54,False,58.5,578,6701,Advanced Dashboard Ninja with AI,WINNER,1427,10,72044,5.0,52,Ksolves India Ltd.
15,60,20,45,65,68,10,100,54,False,58.5,578,6701,Advanced Web Domain Widget,WINNER,1070,26,498,0.0,0,Terabits Technolab
55,75,60,65,20,85,10,100,62,False,47.1,17,1221,Simplify Access Management,WINNER,953,25,44611,5.0,13,Terabits Technolab
15,60,20,45,85,46,10,100,51,False,62.4,6551,41572,Product QR Code Generator,WINNER,904,8,1170,0.0,0,Softhealer Technologies
15,60,20,65,85,46,10,100,53,False,48.4,1578,23967,All in one Dynamic Financial Reports v19,WINNER,873,9,17550,5.0,22,Pycus
35,65,80,85,65,72,70,100,72,True,31.8,22,2890,ChatRoom BASE Whatsapp - Messenger - Instagram. Live Chat. Real All in One with ChatGPT OpenAI and Sale Funnels. Online translator.,WINNER,842,10,9878,5.0,14,AcruxLab
15,60,20,65,85,67,10,100,58,False,46.2,4170,77744,Odoo Multi-Channel Sale,WINNER,812,5,2900,0.0,0,Webkul Software Pvt. Ltd.
35,60,40,85,20,46,10,50,43,False,37.8,45,1110,Requisitions Material Stock and Purchase by Employees | User Material Request and Purchase Requisition Workflow in Odoo,WINNER,781,4,9243,0.0,0,Probuse Consulting Service Pvt. Ltd.
15,60,20,45,65,68,10,100,54,False,58.6,220,2505,Cloud Storage Solutions,WINNER,755,14,37206,5.0,5,faOtools
15,60,20,65,85,46,10,100,53,False,50.8,5395,47571,POS Stock in Odoo,WINNER,754,7,3393,5.0,16,BROWSEINFO
15,75,20,45,85,66,10,100,58,False,64.3,446,4508,Journal Sequence For Odoo 19,WINNER,747,10,1293,0.0,0,Odoo Developers
15,60,20,65,85,46,10,100,53,False,48.1,780,7607,Multiple Branch Unit Operation Setup for All Applications Odoo,WINNER,710,4,17433,5.0,6,BROWSEINFO
90,75,60,50,20,66,10,50,52,False,0.0,3,953,Atharva Theme Base,WINNER,682,6,702,0.0,0,Atharva System
15,60,60,45,45,68,10,100,53,False,59.7,62,1674,Amazon Odoo Connector,WINNER,671,12,58383,5.0,102,Emipro Technologies Pvt. Ltd.
15,75,40,45,45,66,10,100,54,False,63.5,63,1143,Professional Report Templates,WINNER,650,2,17433,5.0,15,Optima ICT Services LTD
15,90,40,25,45,45,10,100,49,False,70.6,160,1453,MuK REST API,WINNER,639,3,22815,5.0,6,MuK IT
15,60,20,45,85,46,10,100,51,False,62.4,6551,41572,Product Multi Barcode,WINNER,627,8,2686,0.0,0,Softhealer Technologies
15,60,20,45,85,46,10,100,51,False,62.4,6551,41572,Product Bundle Pack in Odoo,WINNER,612,3,4095,5.0,6,BROWSEINFO
15,75,20,85,85,66,10,100,62,False,30.9,97,4208,Gantt Native Web view,WINNER,607,1,34983,5.0,6,Viktor Vorobjov
15,60,20,25,20,46,10,100,42,False,83.3,72,829,Parent Account (Chart of Account Hierarchy),WINNER,604,2,3510,5.0,7,Omal Bastin / O4ODOO
15,60,20,65,85,67,10,100,58,False,46.2,4170,77744,Odoo E-Commerce Connector Core,WINNER,588,31,5850,0.0,0,VentorTech
15,60,20,45,85,46,10,100,51,False,58.8,1396,9337,List View Manager,WINNER,579,4,20007,5.0,17,Ksolves India Ltd.
15,60,20,65,85,67,10,100,58,False,46.2,4170,77744,Odoo Cookies Consent Management,WINNER,565,24,117,0.0,0,Garazd Creation
15,60,20,65,85,67,10,100,58,False,46.2,4170,77744,"Odoo all import for Sales, Purchase, Invoice, Inventory, Pricelist, BOM, Payment, Journal Entry, Picking, Product, Customer.",WINNER,528,0,9828,5.0,19,BROWSEINFO
15,65,20,45,45,71,70,100,61,True,64.9,74,1008,Activities Management-Advance,WINNER,499,1,16811,5.0,5,Softhealer Technologies
15,65,20,45,85,71,70,100,65,True,62.8,1424,8118,Mail Messages Easy Pro,WINNER,497,4,29133,5.0,8,Cetmix
15,60,20,65,85,46,10,100,53,False,48.4,1578,23967,All In One Helpdesk | CRM Helpdesk | Sale Order Helpdesk | Purchase Helpdesk | Invoice Helpdesk | Helpdesk Timesheet | Helpdesk Support Ticket To Task,WINNER,491,0,15791,0.0,0,Softhealer Technologies
15,75,60,65,45,67,10,100,57,False,49.1,53,874,Clinic - Hospital Management System ( HMS by AlmightyCS ),WINNER,488,4,8601,5.0,18,Almighty Consulting Solutions Pvt. Ltd.
35,65,40,45,20,73,70,50,53,True,66.7,24,502,Lost Messages Routing,WINNER,486,8,4446,0.0,0,faOtools
15,60,20,45,85,47,10,100,52,False,55.5,876,5169,"Hide Any Menu, Any Field, Any Report, Any Button",WINNER,475,0,1879,5.0,21,FreelancerApps
15,75,20,45,85,46,10,100,53,False,67.2,1478,8780,Project Job Costing (Contracting) and Job Cost Sheet for Construction,WINNER,467,3,20826,0.0,0,Probuse Consulting Service Pvt. Ltd.
15,60,20,65,85,46,10,100,53,False,48.4,1578,23967,All pos orders list in Odoo,WINNER,466,1,2106,0.0,0,BROWSEINFO
15,60,20,45,85,46,10,100,51,False,57.1,4175,29802,Web Timer Widget,WINNER,462,5,1400,0.0,0,Almighty Consulting Solutions Pvt. Ltd.
35,75,40,45,20,45,10,100,48,False,68.2,22,480,IZI Dashboard With AI,WINNER,452,1,39800,5.0,23,IZI PT Solusi Usaha Mudah
15,75,20,65,85,46,10,100,55,False,50.7,1666,13293,Customer Statement and Customer Overdue Payments Vendor Bank Statements Reports Odoo,WINNER,443,0,7605,5.0,10,BROWSEINFO
15,60,20,25,85,67,10,100,54,False,70.8,1312,13296,Base Marketplace Connector,WINNER,439,10,2340,0.0,0,TeqStars
15,75,20,45,85,46,10,100,53,False,55.6,2391,16969,Sales Commission from Sales/Invoice/Payment in Odoo,WINNER,424,2,7020,0.0,0,BROWSEINFO
15,90,20,65,65,80,10,100,63,False,50.4,131,1627,Generic Security Restriction,WINNER,417,6,4095,5.0,5,Center of Research and Development
15,60,20,65,85,46,10,100,53,False,48.4,1578,23967,All in One POS Features in Odoo,WINNER,414,0,11583,5.0,15,BROWSEINFO
15,60,20,65,85,67,10,100,58,False,46.2,4170,77744,Odoo Multi Vendor Marketplace,WINNER,413,3,29901,5.0,7,Webkul Software Pvt. Ltd.
35,65,80,85,65,72,70,100,72,True,31.8,22,2890,ChatRoom PACK. Send from many places and Templates,WINNER,411,9,9878,0.0,0,AcruxLab
15,60,20,65,85,46,10,100,53,False,52.7,3285,24420,Website | eCommerce Tracking Base,WINNER,411,15,1170,0.0,0,Garazd Creation
75,75,80,85,60,45,10,100,63,False,0.0,6,824,KnowSystem: Knowledge Base System,WINNER,410,1,18486,5.0,10,faOtools
15,60,20,45,85,46,10,100,51,False,62.4,6551,41572,Product Barcode Generator,WINNER,400,5,2340,0.0,0,Softhealer Technologies
15,60,20,65,85,67,10,100,58,False,46.2,4170,77744,Odoo Gantt View Base,WINNER,397,7,28548,5.0,5,Ksolves India Ltd.
35,75,60,25,20,83,10,50,48,False,80.0,15,416,Viindoo Base,WINNER,393,7,579,0.0,0,T.V.T Marine Automation (aka TVTMA)
55,60,60,85,20,71,10,100,59,False,40.0,15,499,ZPL Label Designer PRO,WINNER,391,10,11583,5.0,11,VentorTech
15,60,20,65,85,46,10,100,53,False,50.8,5395,47571,POS Combo in Odoo,WINNER,389,3,936,0.0,0,BROWSEINFO
15,60,20,65,85,67,10,100,58,False,46.2,4170,77744,Odoo Product Label Builder Pro,WINNER,387,8,30011,5.0,15,Garazd Creation
15,60,20,65,85,46,10,100,53,False,52.7,3285,24420,Website Helpdesk Support Ticket/Issue Management,WINNER,384,0,6903,5.0,11,Probuse Consulting Service Pvt. Ltd.
15,60,20,65,85,46,10,100,53,False,48.4,1578,23967,"All in one Hide Menu,Submenu, Field and Reports",WINNER,381,1,1053,5.0,5,BROWSEINFO
15,65,20,45,65,74,70,100,64,True,67.1,85,1067,Popup Message,WINNER,376,17,1,0.0,0,Softhealer Technologies
15,75,20,65,85,46,10,100,55,False,48.4,283,2191,Snippet Advanced,WINNER,375,2,117,0.0,0,Softhealer Technologies
15,60,20,65,85,67,10,100,58,False,46.2,4170,77744,Odoo Magento 2 Connector,WINNER,369,6,52533,5.0,35,Emipro Technologies Pvt. Ltd.
15,60,20,65,85,67,10,100,58,False,46.2,4170,77744,Odoo Shopify Connector (GraphQL Powered),WINNER,367,7,46799,5.0,82,TeqStars
15,60,20,65,85,67,10,100,58,False,46.2,4170,77744,Odoo 19 Accounting Excel Reports,WINNER,366,4,3986,0.0,0,Odoo Mates
90,75,80,50,20,10,10,100,48,False,0.0,1,363,Whatsapp-all-in-one Dashboard,WINNER,363,0,11700,5.0,6,Pragmatic TechSoft Pvt Ltd.
15,60,20,25,85,67,10,100,54,False,70.8,1312,13296,Base - Hospital Management System ( HMS by AlmightyCS ),WINNER,362,5,3600,0.0,0,Almighty Consulting Solutions Pvt. Ltd.
15,60,20,65,85,46,10,100,53,False,50.8,5395,47571,POS All Orders List,WINNER,359,3,2700,0.0,0,Webkul Software Pvt. Ltd.
15,60,20,25,85,46,10,100,49,False,74.8,3101,17021,Stock Picking Cancel/Reverse/Revert Odoo,WINNER,358,2,5733,5.0,9,BROWSEINFO
15,60,20,65,85,46,10,100,53,False,50.8,5395,47571,POS Stock,WINNER,352,3,3000,5.0,5,Webkul Software Pvt. Ltd.
15,60,20,65,85,67,10,100,58,False,46.2,4170,77744,Odoo Google Consent Mode,WINNER,351,20,3686,0.0,0,Garazd Creation
15,75,20,45,85,46,10,100,53,False,57.9,1130,11108,Import Invoices from Excel or CSV File in odoo,WINNER,349,1,1755,5.0,9,BROWSEINFO
15,60,20,65,85,67,10,100,58,False,46.2,4170,77744,Odoo Gantt View Project,WINNER,346,6,34281,5.0,14,Ksolves India Ltd.
15,60,20,45,85,46,10,100,51,False,62.4,6551,41572,"Product images and line numbers on Sales Orders, Quotations and Invoices",WINNER,346,0,702,0.0,0,Dusal Solutions
15,60,20,25,85,67,10,100,54,False,70.8,1312,13296,Base Extension,WINNER,339,2,1004,0.0,0,Openinside
15,60,20,65,85,67,10,100,58,False,46.2,4170,77744,Odoo Google Analytics 4 eCommerce Tracking,WINNER,338,12,13689,0.0,0,Garazd Creation
15,60,20,65,85,46,10,100,53,False,52.7,3285,24420,Website Product Stock,WINNER,338,2,3900,5.0,8,Webkul Software Pvt. Ltd.
15,75,20,85,85,66,10,100,62,False,30.9,97,4208,Gantt Native view for Projects,WINNER,337,0,34983,0.0,0,Viktor Vorobjov
15,75,20,45,85,45,10,100,53,False,63.8,1010,5238,Task Delegation and Subtasks Odoo,WINNER,335,0,1170,0.0,0,BROWSEINFO
15,60,20,65,85,46,10,100,53,False,54.7,2555,17832,Custom Fields: Core,WINNER,334,1,3276,0.0,0,faOtools
15,75,20,45,85,46,10,100,53,False,55.9,564,4138,Pdf Print Preview,WINNER,334,2,3041,0.0,0,itechgroup
15,75,20,45,65,45,10,100,51,False,66.0,103,881,"Backup ODOO [Local, Remote, Drive, Dropbox, Amazon S3]",WINNER,331,1,3860,5.0,14,Hilar AK
15,60,20,65,85,46,10,100,53,False,50.8,5395,47571,POS Cash register Z-Report in Odoo,WINNER,330,3,1404,0.0,0,BROWSEINFO
15,60,20,45,65,46,10,100,49,False,69.3,283,1278,SMS Notification,WINNER,326,1,4900,0.0,0,Webkul Software Pvt. Ltd.
15,60,20,65,85,67,10,100,58,False,46.2,4170,77744,Odoo Facebook Pixel Integration,WINNER,324,7,2106,0.0,0,Garazd Creation
35,65,80,85,65,72,70,100,72,True,31.8,22,2890,ChatRoom CRM extra. Create CRM Leads direct in ChatRoom. Real All in One,WINNER,324,5,15754,0.0,0,AcruxLab
15,75,20,45,85,45,10,100,53,False,57.1,480,3242,Helpdesk,WINNER,324,2,7962,5.0,5,Softhealer Technologies
15,60,20,65,85,46,10,100,53,False,48.4,1578,23967,"All In One Import - Partner, Product, Sales, Purchase, Accounts, Inventory, BOM, CRM, Project | Import Product Template | Import Product Variant | Import Product Image | Import Sale Order Lines | Import Reordering Rules| Import Purchase Order Lines",WINNER,323,1,16144,5.0,6,Softhealer Technologies
35,75,80,85,65,82,10,100,67,False,31.8,22,2890,ChatRoom Chatter. Chat history in any form.,WINNER,319,5,14758,5.0,5,AcruxLab
15,60,20,65,85,46,10,100,53,False,51.0,734,7497,Point of Sale Retail Shop| POS Retail Shop| All In One POS Retail,WINNER,315,3,31240,5.0,6,Softhealer Technologies
15,60,20,65,85,67,10,100,58,False,46.2,4170,77744,ODOO Email CC and BCC,WINNER,315,14,4500,0.0,0,Webkul Software Pvt. Ltd.
15,60,20,45,65,68,10,100,54,False,58.5,578,6701,"Advanced Property Sale & Rental Management | Real Estate
     | Property Sales | Property Rental | Property Management",WINNER,314,7,22500,5.0,6,TechKhedut Inc.
15,60,20,65,85,67,10,100,58,False,53.6,444,5285,WhatsApp Odoo Integration,WINNER,312,0,2925,5.0,11,InTechual Solutions
15,60,20,65,85,67,10,100,58,False,46.2,4170,77744,Odoo 19 POS Retail & Restaurant | Advanced Point of Sale Multi-Store Barcode Sync,WINNER,312,0,23400,5.0,33,POS Master Team
15,60,20,65,85,46,10,100,53,False,48.4,1578,23967,All in One Disable Followers | Sale Order Disable Followers | Purchase Order Disable Followers | Invoice Disable Followers,WINNER,311,0,2457,0.0,0,Softhealer Technologies
15,75,20,25,65,67,10,100,54,False,72.5,222,1631,Security User Roles,WINNER,311,4,4446,0.0,0,faOtools
15,60,20,65,85,47,10,100,54,False,54.7,430,2943,Login as another user,WINNER,308,5,3014,0.0,0,Openinside
15,60,20,65,85,67,10,100,58,False,46.2,4170,77744,Odoo Google Shopping | Google Merchant Center Next,WINNER,308,13,15269,5.0,6,Garazd Creation
15,75,20,65,85,67,10,100,60,False,52.8,963,10459,Print Dynamic Barcode Labels (Product/Template/Purchase/Picking),WINNER,308,0,5850,5.0,10,TidyWay
15,75,20,45,85,46,10,100,53,False,57.9,1130,11108,Import Stock Inventory from Excel/CSV File,WINNER,303,0,2574,0.0,0,BROWSEINFO
35,75,60,45,20,67,10,100,54,False,61.9,21,381,OneDrive / SharePoint Odoo Integration,WINNER,302,4,45513,0.0,0,faOtools
15,40,20,25,65,73,10,100,50,False,77.6,331,1165,Module For Merging Pos/Website Coupons,WINNER,302,2,99,0.0,0,Webkul Software Pvt. Ltd.
15,75,20,45,85,46,10,100,53,False,57.9,1130,11108,Import Product Variant from CSV/Excel file - Advance,WINNER,301,1,3160,0.0,0,Softhealer Technologies
15,75,20,45,85,46,10,100,53,False,67.2,1478,8780,Project Task SubTask Checklist,WINNER,300,0,1516,0.0,0,FreelancerApps
15,60,20,65,85,67,10,100,58,False,46.2,4170,77744,Odoo REST API (JSON & XML),WINNER,300,4,9500,0.0,0,Synconics Technologies Pvt. Ltd.
15,60,20,85,85,68,10,100,60,False,37.0,100,2705,Facebook Pixel Integration,WINNER,300,3,3499,0.0,0,Webkul Software Pvt. Ltd.
15,60,20,65,85,68,10,100,58,False,53.4,382,4763,Google Tag Manager,WINNER,297,2,9901,0.0,0,Webkul Software Pvt. Ltd.
15,60,20,65,85,67,10,100,58,False,46.2,4170,77744,Odoo Rest API,WINNER,296,1,9901,0.0,0,Webkul Software Pvt. Ltd.
15,60,20,45,85,46,10,100,51,False,62.4,6551,41572,Product Low Stock Notification/Alert in odoo,WINNER,296,1,2223,0.0,0,BROWSEINFO
55,90,40,85,45,45,10,100,59,False,30.0,20,608,Customer/supplier statement of account reports in Odoo,WINNER,296,1,4797,0.0,0,BROWSEINFO
15,60,20,65,85,67,10,100,58,False,46.2,4170,77744,Odoo Excel Connector,WINNER,296,5,4776,0.0,0,XFanis
15,60,20,65,85,67,10,100,58,False,46.2,4170,77744,Odoo Approval,WINNER,296,2,8150,0.0,0,Domiup (domiup.contact@gmail.com)
15,60,20,65,85,67,10,100,58,False,46.2,4170,77744,Odoo WooCommerce Connector With AI,WINNER,295,6,38437,5.0,43,Ksolves India Ltd.
15,60,20,65,85,46,10,100,53,False,50.8,5395,47571,POS Orders Reprint and POS ReOrder in Odoo,WINNER,295,0,3159,0.0,0,BROWSEINFO
15,75,20,65,85,46,10,100,55,False,51.6,523,3274,Mass Clean and Delete Data Records,WINNER,292,3,585,0.0,0,BROWSEINFO
35,60,60,65,45,46,10,50,45,False,54.2,48,698,Microsoft Azure SSO Integration,WINNER,289,0,15093,0.0,0,Serpent Consulting Services Pvt. Ltd.
15,60,20,65,85,46,10,100,53,False,50.6,650,7778,Dynamic Product Labels | All In One Barcode Labels | Product Template Barcode Label,WINNER,289,2,3393,0.0,0,Softhealer Technologies
15,75,20,65,85,46,10,100,55,False,48.4,504,4099,Manufacturing Process Costing in Odoo,WINNER,289,0,10413,0.0,0,BROWSEINFO
75,75,60,85,20,10,10,100,49,False,12.5,8,347,Backmate Configuration Base,WINNER,288,0,117,5.0,5,Softhealer Technologies
55,90,40,85,45,45,10,50,52,False,35.7,14,652,Stocks Access Rules,WINNER,288,2,4446,0.0,0,faOtools
15,75,20,65,85,46,10,100,55,False,52.0,569,5916,Cancel Stock Picking (Delivery Order) & Reset to Draft,WINNER,288,2,1754,0.0,0,Craftsync Technologies
15,60,20,65,85,67,10,100,58,False,46.2,4170,77744,Odoo Power BI Connector,WINNER,286,6,39901,0.0,0,Webkul Software Pvt. Ltd.
15,60,20,65,85,46,10,100,53,False,50.6,650,7778,Dynamic Financial Report,WINNER,285,3,13923,5.0,14,Ksolves India Ltd.
15,75,20,65,85,46,10,100,55,False,52.5,257,2664,Global Dynamic Export Excel Reports For all Application in Odoo,WINNER,284,1,1989,5.0,5,BROWSEINFO
15,60,20,65,85,67,10,100,58,False,46.2,4170,77744,Odoo Affiliate Management,WINNER,283,2,12500,0.0,0,Webkul Software Pvt. Ltd.
15,60,20,45,85,46,10,100,51,False,69.1,194,1495,Force date in Stock Transfer and Inventory Adjustment,WINNER,282,0,2925,0.0,0,Edge Technologies
15,60,20,65,85,67,10,100,58,False,46.2,4170,77744,"Odoo 16 Dynamic Accounting Reports - PDF, Excel",WINNER,281,0,5890,5.0,6,Odoo Mates
15,60,20,65,85,46,10,100,53,False,50.8,5395,47571,POS Multi Currency payment in Odoo,WINNER,279,3,5733,0.0,0,BROWSEINFO
15,60,20,65,85,67,10,100,58,False,46.2,4170,77744,Odoo REST API,WINNER,278,0,6435,0.0,0,AVS'
55,90,40,85,45,45,10,50,52,False,35.7,14,652,Stocks by Locations,WINNER,277,0,3510,0.0,0,faOtools
15,60,20,65,85,67,10,100,58,False,46.2,4170,77744,Odoo Direct Print,WINNER,275,0,5849,0.0,0,SkyERP
15,60,20,65,85,46,10,100,53,False,50.8,5395,47571,POS Product Variants Popup,WINNER,273,1,2457,0.0,0,Softhealer Technologies
90,75,60,50,20,66,10,50,52,False,0.0,3,953,Atharva Theme General,WINNER,270,0,468,0.0,0,Atharva System
90,75,80,50,20,67,10,100,61,False,0.0,2,283,Joint Calendar,WINNER,270,4,8190,5.0,5,faOtools
15,75,20,85,85,66,10,100,62,False,30.9,97,4208,Gantt View Odoo 19,WINNER,268,2,5849,0.0,0,Cybrosys Techno Solutions
15,40,20,45,85,50,10,100,49,False,56.1,585,2746,Shipping Connector,WINNER,268,8,1169,0.0,0,NsInfosystem
15,60,20,65,85,46,10,100,53,False,53.1,867,10305,Inventory Adjustment Backdated,WINNER,266,4,1638,0.0,0,Equick ERP
35,70,60,65,20,75,10,50,49,True,48.1,27,419,Xero Integration OAuth 2.0 REST API,WINNER,264,6,29901,0.0,0,Pragmatic TechSoft Pvt Ltd.
15,60,20,65,85,46,10,50,46,False,53.7,369,2463,Merge Delivery Orders/Incoming Shipments in odoo,WINNER,264,3,2808,0.0,0,BROWSEINFO
15,60,20,45,85,46,10,100,51,False,57.1,4175,29802,Web Gantt View,WINNER,263,0,1411,0.0,0,Almighty Consulting Solutions Pvt. Ltd.
15,60,20,65,85,67,10,100,58,False,46.2,4170,77744,Odoo Base Connector,WINNER,263,6,3071,5.0,18,Ksolves India Ltd.
75,90,80,85,60,10,10,100,57,False,25.0,4,514,Clever Multiple Invoice Template,WINNER,263,0,5890,5.0,10,Appjetty
15,60,20,65,85,47,10,100,54,False,54.7,4229,35162,IP Network Printer Drivers (ESC/POS),WINNER,262,0,15093,0.0,0,Optima ICT Services LTD
75,75,60,85,20,46,10,50,50,False,25.0,4,308,Allow/Disable POS Features Point of Sales Access rights POS Restrict User staff permissions,WINNER,260,2,2340,0.0,0,BROWSEINFO
35,65,80,85,65,72,70,100,72,True,31.8,22,2890,ChatRoom Facebook/Instagram/Whatsapp Live Chat. Real All in One,WINNER,260,2,9878,0.0,0,AcruxLab
15,60,20,65,85,46,10,100,53,False,48.4,1578,23967,All in One Mobile Barcode/QRCode Scanner|Sale Order Mobile Barcode Scanner|Purchase Order Mobile Barcode Scanner|Invoice Mobile Barcode Scanner|Inventory Mobile Barcode Scanner|Bill Of Material Mobile Barcode Scanner,WINNER,260,1,12987,0.0,0,Softhealer Technologies
15,60,20,65,85,46,10,100,53,False,48.4,1578,23967,ALL POS Reports in Odoo (POS BOX Compatible),WINNER,260,1,4563,0.0,0,BROWSEINFO
15,60,40,65,65,70,10,100,57,False,45.5,66,972,Biometric Attendance Machines Integration,WINNER,259,1,23850,0.0,0,T.V.T Marine Automation (aka TVTMA)
15,75,20,45,85,46,10,100,53,False,57.9,1130,11108,Import Bank Statement Lines from Excel/CSV file,WINNER,259,0,1170,5.0,5,BROWSEINFO
15,75,20,25,85,46,10,50,44,False,73.3,187,1319,Manual Currency Exchange rate for Sales Order/Customer Invoice/Vendor Bills/Purchase Orders/Payments,WINNER,257,0,3510,0.0,0,Sitaram
15,75,20,25,85,46,10,50,44,False,73.3,187,1319,Manual Currency Exchange Rate on Invoice and Payment in Odoo,WINNER,257,3,1755,0.0,0,BROWSEINFO
15,75,20,25,85,46,10,50,44,False,73.3,187,1319,Manual Currency Exchange Rate on Invoice/Payment/Sale/Purchase in Odoo,WINNER,256,4,2574,0.0,0,BROWSEINFO
15,75,20,65,85,46,10,100,55,False,51.6,523,3274,Mass Mailing Theme (with color picker),WINNER,255,0,20475,0.0,0,DROGGOL INFOTECH PRIVATE LIMITED
35,75,80,85,65,82,10,100,67,False,31.8,22,2890,"ChatRoom Sale extra, Invoice. Real All in One",WINNER,253,5,15754,0.0,0,AcruxLab
55,60,60,85,45,48,10,50,49,False,30.0,10,463,ACS Product Barcode Generator,WINNER,253,3,1200,0.0,0,Almighty Consulting Solutions Pvt. Ltd.
15,75,20,45,85,46,10,100,53,False,62.6,230,2002,Generate Product Barcode (EAN13) Odoo App,WINNER,253,1,936,5.0,13,BROWSEINFO
15,60,20,45,85,47,10,100,52,False,63.4,495,3583,Change Effective Date,WINNER,252,3,4075,0.0,0,Altela Software
15,60,20,65,85,67,10,100,58,False,46.2,4170,77744,"Odoo Barcode Labels for All(Products,Templates,Sale,Purchase,Picking)",WINNER,251,1,2925,0.0,0,BROWSEINFO
75,90,80,85,60,10,10,100,57,False,25.0,4,514,Clever All In One Report Templates,WINNER,250,0,12877,5.0,15,AppJetty
15,60,20,45,85,46,10,100,51,False,65.9,279,2012,Activity Management | Activity Dashboard | Activity Monitoring | Activity Views,WINNER,250,2,4095,0.0,0,Relief Technologies
15,60,20,65,85,68,10,100,58,False,53.4,382,4763,Google Drive Odoo Integration,WINNER,250,5,45513,0.0,0,faOtools
15,60,20,65,85,67,10,100,58,False,46.2,4170,77744,Odoo Facebook Meta Pixel eCommerce Tracking,WINNER,249,5,11583,0.0,0,Garazd Creation
15,75,20,45,85,46,10,100,53,False,57.9,1130,11108,Import Journal Entry from CSV or Excel File,WINNER,248,0,1170,5.0,5,BROWSEINFO
15,60,20,65,85,46,10,100,53,False,48.4,1578,23967,All In One Barcode Scanner-Basic,WINNER,248,2,8775,0.0,0,Softhealer Technologies
90,75,60,50,20,10,10,50,40,False,0.0,2,250,EnterpriseMate Theme Config,WINNER,248,0,117,0.0,0,Softhealer Technologies
15,60,20,45,85,46,10,100,51,False,62.4,6551,41572,Product Pack,WINNER,246,0,6899,5.0,6,Webkul Software Pvt. Ltd.
15,75,20,45,85,46,10,100,53,False,55.1,695,3663,Create Stock Moves With Invoice And Refunds,WINNER,244,3,4100,0.0,0,Almighty Consulting Solutions Pvt. Ltd.
15,60,20,45,65,68,10,100,54,False,58.5,578,6701,Advanced Inventory Reports | Advanced Dashboard,WINNER,243,1,34983,5.0,11,Setu Consulting Services Pvt. Ltd.
15,60,20,65,85,46,10,100,53,False,48.4,1578,23967,All In One Secondary Unit Of Measure,WINNER,242,4,4879,0.0,0,Softhealer Technologies
90,65,80,50,20,70,70,50,60,True,0.0,3,245,Message/Note Editing,WINNER,242,0,4446,0.0,0,faOtools
15,60,20,65,85,46,10,100,53,False,50.6,650,7778,Dynamic Export Excel | Global Export Excel Report For all Application,WINNER,242,0,4095,5.0,10,DevIntelle Consulting Service Pvt.Ltd
35,40,60,85,65,72,10,50,52,False,16.3,43,1184,Trilab Invoice PL,WINNER,242,8,16380,0.0,0,Trilab
35,60,60,45,45,67,10,100,55,False,64.0,25,484,Docx Report - Populating MS Word templates | Report Doc | Report Docx | Pdf Report | Template doc | Template Report | pdf template | PDF Template | doc template,WINNER,240,4,9359,0.0,0,Dev Happy
35,90,60,85,65,73,70,100,74,True,34.8,46,841,Quickbooks Online Connector [USA],WINNER,239,4,19901,0.0,0,Pragmatic TechSoft Pvt Ltd.
15,60,20,65,85,46,10,100,53,False,50.8,5395,47571,POS Order Return,WINNER,238,2,4900,0.0,0,Webkul Software Pvt. Ltd.
15,60,20,25,20,46,10,50,34,False,81.5,65,345,External and Local Videos - eLearning Platform,WINNER,237,1,2340,0.0,0,Josue Rodriguez - GAMA Recursos Tecnologicos (PERU)
15,75,20,45,85,46,10,100,53,False,65.3,714,4288,Document Management System,WINNER,237,1,6189,0.0,0,Almighty Consulting Solutions Pvt. Ltd.
15,60,20,65,85,46,10,100,53,False,50.8,5395,47571,Pos Cash In Out - Odoo,WINNER,236,0,1755,0.0,0,BROWSEINFO
15,75,20,65,85,46,10,100,55,False,50.7,1666,13293,Customer Credit Limit | Customer Credit | Credit Management,WINNER,235,0,5265,0.0,0,DevIntelle Consulting Service Pvt.Ltd
15,60,20,65,85,67,10,100,58,False,46.2,4170,77744,Odoo PrestaShop Connector PRO,WINNER,235,8,58383,5.0,30,VentorTech
55,75,60,65,20,67,10,100,58,False,53.8,13,288,eBay Odoo Connector,WINNER,235,3,70083,5.0,31,Emipro Technologies Pvt. Ltd.
15,75,20,45,65,67,10,100,56,False,62.0,245,3450,Real time Stock Inventory Valuation Report (PDF/EXCEL) in odoo,WINNER,233,2,8073,0.0,0,BROWSEINFO
15,60,20,65,85,67,10,100,58,False,46.2,4170,77744,Odoo Advanced Search,WINNER,231,0,13900,5.0,9,Synodica Solutions Pvt. Ltd.
15,60,20,65,85,46,10,100,53,False,50.8,5395,47571,POS Pay Later in Odoo,WINNER,230,0,4797,0.0,0,BROWSEINFO
15,60,20,45,85,47,10,100,52,False,62.9,283,1627,Post Dated Cheque Management - Community Edition,WINNER,230,1,4446,0.0,0,Softhealer Technologies
15,60,20,65,85,46,10,100,53,False,52.7,3285,24420,Website Get Quote Prodct Odoo Shop,WINNER,230,3,2223,0.0,0,BROWSEINFO
15,60,20,65,85,46,10,100,53,False,52.7,3285,24420,Website Cash on Delivery COD in Odoo,WINNER,230,2,4563,5.0,6,BROWSEINFO
15,75,20,65,85,67,10,100,60,False,52.8,963,10459,"Print Dynamic Product Barcode Labels For Product, Template, Sales Order, Purchase Order, Picking",WINNER,229,0,1006,5.0,7,CustomizeApps
15,75,40,65,85,66,10,100,61,False,43.8,162,2775,Construction Management in Odoo,WINNER,228,0,5733,5.0,7,BROWSEINFO
35,60,60,65,65,73,10,50,53,False,46.9,32,772,ZKteco Biometric Attendance Integration,WINNER,227,6,23985,0.0,0,Technaureus Info Solutions Pvt. Ltd.
15,75,20,45,85,46,10,100,53,False,63.7,601,6515,Template Report,WINNER,226,3,12753,5.0,7,BuildFish
15,60,20,65,85,67,10,100,58,False,46.2,4170,77744,Odoo Shipping Partners,WINNER,226,3,1169,0.0,0,TeqStars
15,75,20,45,85,66,10,100,58,False,64.3,446,4508,Journal Restriction For Users,WINNER,226,3,2856,0.0,0,Softhealer Technologies
15,60,20,65,85,46,10,100,53,False,48.4,1578,23967,"All in one Cancel Sale,Purchase,Picking,Sale Cancel,Picking Cancel, Stock Move Cancel,Purchase Cancel",WINNER,226,1,6903,5.0,12,DevIntelle Consulting Service Pvt.Ltd
15,60,20,45,65,47,10,100,49,False,69.5,243,1040,Read Only User,WINNER,225,0,1135,5.0,6,FreelancerApps
15,60,20,65,85,67,10,100,58,False,46.2,4170,77744,"Odoo Rental Management for Machine,Product and Equipements",WINNER,222,2,8073,0.0,0,BROWSEINFO
15,60,20,65,85,46,10,100,53,False,50.8,5395,47571,POS Kitchen Screen (Community),WINNER,222,0,14040,0.0,0,Acespritech Solutions Pvt. Ltd.
15,75,20,65,85,46,10,100,55,False,51.6,523,3274,Mass Clean Data (Clear Data),WINNER,222,0,819,0.0,0,Aktiv Software
15,60,20,65,85,46,10,100,53,False,50.8,5395,47571,POS Sale order- Create Sales order from POS in Odoo,WINNER,221,0,2925,0.0,0,BROWSEINFO
15,75,20,45,85,46,10,100,53,False,55.6,2391,16969,Sales Contract Subscription and Recurring Invoice,WINNER,221,0,6903,0.0,0,Probuse Consulting Service Pvt. Ltd.
15,60,20,65,85,67,10,100,58,False,46.2,4170,77744,Odoo WhatsApp Integration (Base) | WhatsApp Cloud API | Odoo V19 Community Edition,WINNER,220,0,6899,5.0,6,TechUltra Solutions Private Limited
15,75,40,45,45,66,10,100,54,False,63.5,63,1143,Professional Invoice & Sales Order Templates,WINNER,220,0,6903,0.0,0,Optima ICT Services LTD
15,60,20,65,85,67,10,100,58,False,46.2,4170,77744,Odoo Subscription Management,MID,99,0,5733,0.0,0,Globalteckz
15,60,20,65,85,47,10,100,54,False,54.8,789,4946,Email Bcc,MID,99,1,1404,0.0,0,Equick ERP
15,60,20,65,85,46,10,100,53,False,50.8,5395,47571,POS Multi Currency (Community),MID,99,0,4212,0.0,0,Acespritech Solutions Pvt. Ltd.
35,75,20,85,65,45,10,50,49,False,19.0,42,902,SMTP by User,MID,99,0,1686,0.0,0,Futurelens
15,60,20,45,85,47,10,50,44,False,63.4,227,878,Schedule Activity at Centralized Place | Enhanced Activity Schedule Management for Odoo,MID,99,1,3393,0.0,0,Probuse Consulting Service Pvt. Ltd.
15,90,20,65,85,71,70,100,71,True,54.2,1260,10252,REST API Foundation for Odoo,MID,99,1,11760,0.0,0,EKIKA
15,90,40,25,45,45,10,100,49,False,70.6,160,1453,MuK Webhooks,MID,98,1,21060,0.0,0,MuK IT
15,60,20,25,85,46,10,50,42,False,71.0,138,505,UPS Shipping Integration(OAuth 2.0),MID,98,0,14900,0.0,0,Webkul Software Pvt. Ltd.
15,75,20,65,85,46,10,100,55,False,48.4,504,4099,Manufacturing Reset to Draft,MID,98,0,2807,0.0,0,Craftsync Technologies
15,75,20,65,85,46,10,100,55,False,50.7,1666,13293,Customer Statement & Aging,MID,98,0,4095,0.0,0,DevIntelle Consulting Service Pvt.Ltd
15,60,20,65,85,46,10,100,53,False,50.6,650,7778,Dynamic Product Label Print in odoo,MID,98,0,6201,0.0,0,BROWSEINFO
15,60,20,45,85,46,10,100,51,False,62.4,6551,41572,Product Management Interface,MID,98,0,10296,0.0,0,faOtools
15,60,20,65,85,67,10,100,58,False,46.2,4170,77744,Odoo POS Reservation Order,MID,98,0,2340,0.0,0,Edge Technologies
35,40,60,45,20,50,10,100,45,False,56.0,25,148,Interest on Overdue Invoice in Odoo,MID,97,1,11583,5.0,6,BROWSEINFO
15,75,20,25,65,67,10,100,54,False,79.4,126,855,Partners Hierarchy,MID,97,0,1170,0.0,0,Advitus
15,60,20,25,85,47,10,100,50,False,73.4,1393,4063,HR Attendance Sheet And Policies,MID,97,0,9812,0.0,0,CDS Solutions SRL
15,60,20,65,85,46,10,50,46,False,53.7,369,2463,Merge Invoices,MID,97,0,2925,0.0,0,Softhealer Technologies
15,60,20,65,85,46,10,100,53,False,50.8,5395,47571,POS Product Multi Barcode |Point Of Sale Product Multi Barcode,MID,97,2,3388,0.0,0,Softhealer Technologies
15,60,20,45,85,47,10,100,52,False,63.6,1752,9084,Auto Inter-Company Transfer-Transection App,MID,97,1,11583,0.0,0,BROWSEINFO
15,60,20,65,85,67,10,100,58,False,46.2,4170,77744,Odoo POS Network Printer | Seamless ESC/POS Ticket & Receipt Printing,MID,97,3,9901,5.0,6,Creyox Technologies
15,60,20,65,85,67,10,100,58,False,46.2,4170,77744,Odoo Edit/Modify POS Receipt App,MID,97,0,1053,0.0,0,BROWSEINFO
15,60,20,65,85,46,10,100,53,False,50.8,5395,47571,POS print kitchen order receipt KOT in browser,MID,96,1,3827,0.0,0,Techmayoreo
15,60,20,65,85,67,10,100,58,False,46.2,4170,77744,Odoo Google Merchant/Shopping Connector,MID,96,2,14625,5.0,10,Grow Consultancy Services
75,60,80,85,65,48,10,50,54,False,14.3,7,454,MercadoLibre Stock Management Extension / Mercado Libre Publisher Extension,MID,96,2,46800,0.0,0,Moldeo Interactive
35,75,40,45,45,10,10,50,36,False,66.7,30,234,"Actual Cost Tracking on Job Cost Sheet (Purchase, Bills & Timesheets) | Integrated Actual Cost Management for Job Costing",MID,96,0,21879,0.0,0,Probuse Consulting Service Pvt. Ltd.
15,60,20,65,85,46,10,100,53,False,48.4,1578,23967,All In One Project Management System - All in one PMS,MID,96,0,11583,0.0,0,BROWSEINFO
15,60,20,45,65,68,10,100,54,False,58.5,578,6701,Advanced HR Management,MID,96,2,1548,0.0,0,Viindoo
15,60,20,45,85,47,10,100,52,False,63.6,1752,9084,Auto Generate serial/lot number from Picking in Odoo,MID,96,0,2223,0.0,0,BROWSEINFO
15,90,20,65,65,45,10,100,55,False,50.0,58,722,elearning private youtube video,MID,95,0,6435,0.0,0,David Montero Crespo
15,75,20,45,85,46,10,100,53,False,57.9,1130,11108,Import Purchase Order Lines from CSV/Excel file,MID,95,0,1288,0.0,0,Softhealer Technologies
15,60,20,45,85,46,10,100,51,False,68.6,874,4548,CRM Duplicates Real Time Search,MID,95,1,5148,0.0,0,faOtools
15,60,20,45,85,46,10,100,51,False,57.2,187,1302,Survey File Attachment Upload,MID,95,1,1755,0.0,0,BROWSEINFO
15,60,20,65,85,46,10,100,53,False,50.8,5395,47571,POS Customer Wallet Management in Odoo,MID,95,0,7605,0.0,0,BROWSEINFO
75,60,60,85,20,46,10,50,48,False,28.6,7,139,Multiples of Quantity in shop,MID,95,0,4914,0.0,0,Softhealer Technologies
15,40,20,45,65,48,10,50,39,False,60.0,75,467,Saudi UAE VAT,MID,95,1,585,0.0,0,Technaureus Info Solutions Pvt. Ltd.
55,60,60,45,20,10,10,50,34,False,60.0,15,111,Paytrail Payment Provider,MID,95,0,8073,0.0,0,Kanak Infosystems LLP.
15,60,20,25,85,46,10,100,49,False,81.6,1700,4023,Partner Incentive / Commission Management,MID,95,2,3600,0.0,0,Almighty Consulting Solutions Pvt. Ltd.
15,60,20,65,85,46,10,100,53,False,50.8,5395,47571,POS Custom Discount,MID,94,1,4900,0.0,0,Webkul Software Pvt. Ltd.
15,75,20,45,65,46,10,100,51,False,63.4,131,866,Allow Multi Currencies Pricelist in POS,MID,94,0,3276,0.0,0,Edge Technologies
15,75,20,45,85,46,10,100,53,False,57.9,1130,11108,Import bank statement lines from CSV File | Import bank statement lines from Excel file,MID,94,0,1522,0.0,0,Softhealer Technologies
15,75,20,45,85,46,10,100,53,False,62.9,3370,20091,Purchase Order Automation,MID,94,1,1754,0.0,0,Craftsync Technologies
15,75,20,45,85,45,10,100,53,False,58.0,264,1419,Documents Preview,MID,94,2,7200,0.0,0,Almighty Consulting Solutions Pvt. Ltd.
15,60,20,65,85,47,10,50,46,False,51.7,89,735,Minimum and Maximum Product Price Base,MID,94,1,117,0.0,0,Softhealer Technologies
75,60,60,25,20,49,10,50,42,False,75.0,4,94,Objectives & Key Results - OKR,MID,94,2,13415,0.0,0,T.V.T Marine Automation (aka TVTMA)
15,60,20,65,85,46,10,100,53,False,53.1,867,10305,Inventory Backdate | Change Effective Date | Backdate In Inventory | Stock Backdate | Warehouse Backdate | Stock Force Date | Inventory Force Date,MID,94,2,9014,0.0,0,Softhealer Technologies
15,60,20,65,85,46,10,100,53,False,48.4,1578,23967,"All in One Secondary Unit of Measure Sales, Purchase, Accounting and Inventory",MID,94,0,2925,0.0,0,Edge Technologies
15,60,20,65,85,46,10,100,53,False,48.1,780,7607,Multiple Branch Unit Operations for Manufacturing,MID,94,1,22113,0.0,0,BROWSEINFO
15,60,20,65,85,46,10,100,53,False,50.8,5395,47571,POS Show Discounted Price,MID,94,1,2000,0.0,0,Webkul Software Pvt. Ltd.
35,60,40,65,85,47,10,50,49,False,45.8,24,478,Original POS Manager Validation using User PIN,MID,94,0,3003,0.0,0,MAC5
15,40,20,45,85,49,10,100,49,False,69.0,155,483,EU Cookie Law Notice,MID,94,0,1755,0.0,0,Advitus
15,60,20,65,85,46,10,100,53,False,53.1,867,10305,Inventory Adjustment Cancel/Reverse Odoo,MID,94,0,4095,0.0,0,BROWSEINFO
15,40,20,45,65,48,10,50,39,False,63.5,74,403,Multi-Company Access Rights,MID,93,0,20089,0.0,0,Openinside
15,60,20,45,85,46,10,100,51,False,57.2,187,1302,Survey - Extra Fields,MID,93,0,5733,0.0,0,VperfectCS
15,60,20,65,85,67,10,100,58,False,46.2,4170,77744,"Odoo all import for Sales, Purchase, Invoice, Inventory, Pricelist, BOM, Payment, Bank Statement, Journal Entry, Picking, Product, Customer, Product Images, Product Variants, Multiple Statement, POS Orders, Multiple Journal Entries.",MID,93,0,15561,0.0,0,BROWSEINFO
15,60,20,25,85,46,10,100,49,False,74.8,3101,17021,Stock Picking/Move from Invoice/Refund in Odoo,MID,93,0,2925,0.0,0,BROWSEINFO
15,60,20,65,85,46,10,100,53,False,51.0,734,7497,Point Of Sale Access Rights,MID,93,0,2457,0.0,0,Softhealer Technologies
15,60,20,65,85,67,10,100,58,False,46.2,4170,77744,Odoo Cookie Consent Banner,MID,93,7,10004,0.0,0,Garazd Creation
90,60,60,50,20,47,10,50,46,False,0.0,1,93,Snazzy Theme Common,MID,93,1,2925,0.0,0,Bizople Solutions Pvt. Ltd.
15,60,20,45,85,46,10,50,44,False,59.5,74,736,Progress Billing & Customer Invoicing from Job Costing Sheet in Odoo | Job Costing Progress Billing for Contracting Projects,MID,93,1,32292,0.0,0,Probuse Consulting Service Pvt. Ltd.
15,75,20,85,85,66,10,100,62,False,30.9,97,4208,Gantt Native Exchange for Project,MID,93,0,34983,0.0,0,Viktor Vorobjov
15,75,20,45,85,46,10,100,53,False,57.9,1130,11108,Import Stock with Serial number/Lot number in Odoo,MID,92,1,3393,0.0,0,BROWSEINFO
15,60,20,25,85,46,10,100,49,False,74.8,3101,17021,Stock Inventory Report,MID,92,0,3510,0.0,0,Equick ERP
15,60,20,45,85,47,10,100,52,False,63.6,1752,9084,Auto Parts Base,MID,92,0,7956,0.0,0,Softhealer Technologies
15,60,20,65,85,46,10,100,53,False,48.4,1578,23967,All in one Backdate - All in one Stock Backdate and Remarks,MID,92,1,7605,0.0,0,BROWSEINFO
15,60,20,45,65,69,10,50,46,False,57.5,73,457,Discuss Extension,MID,92,0,1004,0.0,0,Openinside
15,60,20,65,85,67,10,100,58,False,46.2,4170,77744,Odoo CRM Facebook Leads | Facebook Page Leads Connector | Facebook Leads Connector | Odoo Facebook Integration,MID,92,2,2500,0.0,0,TechKhedut Inc.
15,60,20,65,85,46,10,100,53,False,52.7,3285,24420,Website Sale Multi-Warehouse,MID,92,0,5850,0.0,0,Azkob
75,60,80,85,65,48,10,50,54,False,14.3,7,454,MercadoLibre Accounting / Mercado Libre Publisher Extension,MID,92,2,52650,0.0,0,Moldeo Interactive
35,75,60,25,45,67,10,100,55,False,76.2,42,632,Magento 2 Odoo Connector | Odoo Multichannel,MID,92,0,24900,0.0,0,Webkul Software Pvt. Ltd.
15,75,60,45,65,45,10,50,45,False,65.4,52,386,Subcontracting Management for Job Orders | Construction & Contracting | Smart Subcontract Control | Construction & Contracting,MID,92,0,26559,0.0,0,Probuse Consulting Service Pvt. Ltd.
15,60,20,65,85,67,10,100,58,False,46.2,4170,77744,Odoo Website Stock Notify Back In Stock Email Alerts,MID,92,0,2808,5.0,6,BROWSEINFO
15,60,20,65,85,46,10,100,53,False,52.7,3285,24420,Website Hide Price for Not Logged In User,MID,92,1,585,0.0,0,Futurelens
15,75,20,65,85,46,10,100,55,False,52.0,569,5916,Cancel Invoice | Cancel Payment,MID,92,0,1989,0.0,0,Softhealer Technologies
15,75,20,45,85,46,10,100,53,False,67.2,1478,8780,Project by Phases,MID,91,0,1404,0.0,0,Probuse Consulting Service Pvt. Ltd.
15,60,20,65,85,46,10,100,53,False,48.1,780,7607,Multiple Branch Unit Operation Setup for CRM,MID,91,1,22113,0.0,0,BROWSEINFO
15,60,20,65,85,46,10,100,53,False,50.8,5395,47571,POS Invoice Auto Check in odoo,MID,91,0,1755,0.0,0,BROWSEINFO
15,60,20,45,85,46,10,100,51,False,62.4,6551,41572,Product Tags,MID,91,1,936,0.0,0,Softhealer Technologies
15,60,20,65,65,46,10,50,43,False,41.5,236,3111,Material Purchase Requisition and Cost Sheet Integration,MID,91,0,26559,0.0,0,Probuse Consulting Service Pvt. Ltd.
15,75,20,45,85,46,10,100,53,False,55.1,695,3663,Create Custom Building Blocks,MID,91,0,5850,0.0,0,Advitus
35,60,20,45,65,46,10,50,43,False,55.6,45,402,Twilio SMS Gateway,MID,90,0,9901,0.0,0,Webkul Software Pvt. Ltd.
15,90,20,65,65,80,10,100,63,False,50.4,131,1627,Generic Request Field,MID,90,0,15210,0.0,0,Center of Research and Development
15,60,20,65,85,67,10,100,58,False,46.2,4170,77744,Odoo Facebook Conversions API | Meta Conversion API Integration,MID,90,2,25799,0.0,0,Garazd Creation
15,65,20,45,65,73,70,100,63,True,61.8,76,824,Sticky Notes,MID,90,1,3510,0.0,0,faOtools
15,60,20,65,85,46,10,100,53,False,50.8,5395,47571,POS Keyboard Shortcuts,MID,90,3,3000,0.0,0,Webkul Software Pvt. Ltd.
15,60,20,65,85,67,10,100,58,False,46.2,4170,77744,Odoo Select Product UOM In Website,MID,90,0,4999,0.0,0,Keypress IT Services
15,75,20,25,65,45,10,100,49,False,70.6,51,458,Universal Appointments: Portal and Website,MID,90,0,27612,0.0,0,faOtools
15,60,20,65,85,46,10,100,53,False,50.8,5395,47571,POS Orders Reprint in Odoo,MID,90,0,3393,0.0,0,BROWSEINFO
35,60,20,25,20,10,10,100,36,False,72.4,29,120,Inactive Sessions Timeout,MID,90,0,9041,0.0,0,Openinside
15,60,20,45,85,46,10,100,51,False,66.7,600,1914,Contact Extra Fields,MID,90,1,936,0.0,0,Softhealer Technologies
15,60,20,45,85,47,10,100,52,False,63.6,1752,9084,Auto Invoice from Picking(Shipment/Delivery),MID,90,0,4095,0.0,0,BROWSEINFO
15,60,20,65,85,46,10,100,53,False,50.8,5395,47571,POS Restaurant (Community),MID,90,0,35100,0.0,0,Acespritech Solutions Pvt. Ltd.
15,75,20,65,85,67,10,100,60,False,52.8,963,10459,Print POS Receipt Report Backend,MID,90,1,1170,0.0,0,BROWSEINFO
15,75,20,45,85,66,10,100,58,False,64.3,446,4508,Journal Restricted Users,MID,90,0,4095,0.0,0,Probuse Consulting Service Pvt. Ltd.
35,40,80,65,65,72,10,50,51,False,46.9,32,366,DHL Express - MyDHL API,MID,89,0,14900,0.0,0,Webkul Software Pvt. Ltd.
15,60,20,65,85,46,10,100,53,False,53.1,867,10305,Inventory Adjustment Backdate,MID,89,2,4913,0.0,0,Softhealer Technologies
15,60,20,45,85,46,10,100,51,False,57.2,1562,6957,Employee Overtime Request Management,MID,89,0,1404,0.0,0,Probuse Consulting Service Pvt. Ltd.
15,75,20,45,85,46,10,100,53,False,59.8,386,3317,Warehouse Restrictions App,MID,89,0,2340,0.0,0,Edge Technologies
15,60,20,45,85,46,10,100,51,False,61.4,580,3209,Export Products with Images in Excel,MID,89,0,1404,0.0,0,Edge Technologies
90,60,80,50,20,10,10,50,39,False,50.0,2,89,Cheque/Check Management in Odoo,MID,89,0,5733,0.0,0,Globalteckz
15,60,20,65,85,46,10,100,53,False,50.8,5395,47571,POS Auto Lot Selection With Barcode,MID,89,0,5733,0.0,0,BROWSEINFO
15,75,20,45,85,45,10,100,53,False,63.8,1010,5238,Task Check List and Approval Process,MID,89,0,3510,0.0,0,faOtools
15,60,20,25,85,46,10,100,49,False,79.4,3114,10209,Account Cheque Life Cycle Management/ Post Dated Check Odoo,MID,89,1,5733,0.0,0,BROWSEINFO
15,75,20,45,85,46,10,100,53,False,67.2,1478,8780,Project Job Costing and Job Cost Sheet With Material Request Odoo,MID,89,0,14508,0.0,0,BROWSEINFO
15,60,20,65,85,46,10,100,53,False,54.2,931,5744,Restrict Out of Stock Product on Sales Order,MID,89,0,1404,0.0,0,BROWSEINFO
15,40,20,45,45,71,10,50,42,False,56.4,55,444,Flexible Timetables and Shifts,MID,89,0,8190,0.0,0,faOtools
15,60,20,45,85,47,10,100,52,False,56.5,703,5906,Inter Company Stock transfer,MID,89,0,7852,0.0,0,Craftsync Technologies
15,60,20,45,45,46,10,100,47,False,64.9,74,1008,Activities Management | All In One Schedule Activities | Activity Dashboard | Advance Schedule Activity | Dynamic Action For Multiple Activities | Activity Management Dashboard | Activities Dashboard,MID,89,2,6970,0.0,0,Softhealer Technologies
55,40,40,45,45,48,10,50,41,False,66.7,18,306,Premium - Hospital Management System (pro),MID,88,1,140904,0.0,0,Almighty Consulting Solutions Pvt. Ltd.
15,60,20,45,85,46,10,100,51,False,57.1,422,2553,Select Lots and Serials by Product in POS,MID,88,0,4095,0.0,0,Kanak Infosystems LLP.
15,60,20,65,85,46,10,100,53,False,48.4,1578,23967,All in One Views,MID,88,1,3978,0.0,0,Softhealer Technologies
15,60,20,45,85,46,10,100,51,False,56.8,132,720,Signup Email Verification,MID,88,0,3393,0.0,0,Softhealer Technologies
15,60,20,65,85,47,10,100,54,False,48.1,1211,14223,Advance Access Management,MID,88,3,64428,0.0,0,Terabits Technolab
15,75,20,45,85,46,10,50,46,False,64.5,166,924,Budget for Job Contracting and Construction Projects,MID,88,0,43992,0.0,0,Probuse Consulting Service Pvt. Ltd.
15,60,20,65,85,46,10,100,53,False,50.8,5395,47571,POS Multi UOM,MID,88,1,2223,0.0,0,BROWSEINFO
15,60,20,65,85,47,10,50,46,False,51.7,89,735,Minimum And Maximum Price Of Product,MID,88,1,1521,0.0,0,Softhealer Technologies
15,60,20,25,85,67,10,100,54,False,70.8,1312,13296,Base Stock 3D Location,MID,88,0,5850,0.0,0,Openindustry.it
15,40,40,85,85,51,10,50,47,False,35.4,82,830,Stripe Fees Extension,MID,88,3,10976,0.0,0,Craftsync Technologies
15,60,20,65,85,46,10,100,53,False,50.8,5395,47571,POS Session Report | POS Z Report | POS Session Z Report | Session Cash In Out,MID,87,0,585,0.0,0,MAISOLUTIONSLLC
15,60,20,65,85,46,10,100,53,False,51.0,734,7497,Point of Sale Credit Limit/Credit Limit on POS,MID,87,0,4563,0.0,0,BROWSEINFO
15,60,20,65,85,46,10,100,53,False,48.1,780,7607,Multiple Branchs/Units Operations for Project App,MID,87,1,19773,0.0,0,BROWSEINFO
15,60,20,65,85,46,10,100,53,False,54.7,2555,17832,Custom Product Tabs,MID,87,0,3000,0.0,0,Webkul Software Pvt. Ltd.
15,75,20,45,85,46,10,100,53,False,64.7,7299,40629,Sale Multi Warehouse Odoo App,MID,87,0,2223,0.0,0,BROWSEINFO
15,60,20,65,85,67,10,100,58,False,46.2,4170,77744,Odoo Google Merchant Center Professional,MID,87,4,20534,0.0,0,Garazd Creation
15,60,20,45,85,46,10,100,51,False,62.4,6551,41572,Product Cost Price History,MID,87,1,1404,0.0,0,Softhealer Technologies
15,75,20,45,85,46,10,100,53,False,59.8,386,3317,Warehouse Stock Location Access for Users,MID,87,0,1638,0.0,0,Edge Technologies
15,60,20,65,85,67,10,100,58,False,46.2,4170,77744,Odoo Cancel Stock Transfer,MID,87,3,999,0.0,0,Keypress IT Services
15,60,20,25,85,46,10,100,49,False,74.8,3101,17021,Stock Landed Cost on Average Costing,MID,86,0,3276,0.0,0,Edge Technologies
15,60,20,65,85,46,10,100,53,False,50.8,5395,47571,Pos Multi Barcode Options,MID,86,0,3393,0.0,0,Webveer
15,60,20,45,85,46,10,100,51,False,61.4,580,3209,Export Image in Excel,MID,86,0,2489,0.0,0,Evozard
15,60,20,45,45,47,10,100,47,False,65.7,105,1111,Hierarchy Tree View,MID,86,1,4975,0.0,0,Init Co. Ltd
15,65,20,65,85,71,70,100,67,True,52.7,3285,24420,Website Order Notes,MID,86,1,2500,0.0,0,Webkul Software Pvt. Ltd.
15,60,20,65,85,67,10,100,58,False,46.2,4170,77744,Odoo Website Customer Address Book,MID,86,1,4500,0.0,0,Webkul Software Pvt. Ltd.
15,75,20,45,85,46,10,100,53,False,64.7,7299,40629,Sale Multi Warehouse,MID,86,1,1638,0.0,0,Equick ERP
15,75,20,45,85,46,10,100,53,False,57.9,1130,11108,Import bill of materials (BOM) from Excel or CSV File in Odoo,MID,86,0,1755,0.0,0,BROWSEINFO
15,60,20,65,85,67,10,100,58,False,46.2,4170,77744,Odoo POS Customer Pricelist,MID,86,0,4563,5.0,6,BROWSEINFO
15,60,20,45,85,47,10,100,52,False,63.6,1752,9084,Auto Generate Product Barcode (EAN13),MID,86,0,1362,0.0,0,FreelancerApps
15,60,20,65,85,67,10,100,58,False,46.2,4170,77744,Odoo Customer Credit Limit,MID,85,0,4500,0.0,0,Webkul Software Pvt. Ltd.
15,60,20,45,85,46,10,100,51,False,55.3,828,5806,Image Attachment Compression,MID,85,0,9949,0.0,0,Azkatech
15,60,20,65,85,46,10,100,53,False,53.1,867,10305,Inventory Ledger Report,MID,85,0,17433,5.0,5,Setu Consulting Services Pvt. Ltd.
15,60,20,65,85,47,10,100,54,False,48.1,1211,14223,Advance Down Payment for Sales and Purchase,MID,85,0,1755,0.0,0,BROWSEINFO
15,75,20,45,85,46,10,100,53,False,62.5,3305,22719,Invoice Partial Payment Reconciliation,MID,85,4,10413,0.0,0,BROWSEINFO
15,75,20,45,85,46,10,100,53,False,64.7,7299,40629,Sale Backdate | Change Effective Date | Back Date In Sales | Sale Order Backdate,MID,85,4,3974,0.0,0,Softhealer Technologies
15,60,20,65,85,67,10,100,58,False,46.2,4170,77744,Odoo Google Tag Manager Enhanced Conversion Tracking,MID,85,4,18954,0.0,0,Garazd Creation
15,60,20,65,85,67,10,100,58,False,46.2,4170,77744,Odoo Advance Signup,MID,85,0,12500,0.0,0,Webkul Software Pvt. Ltd.
15,60,20,65,85,67,10,100,58,False,46.2,4170,77744,Odoo Project Budget & Analytic Accounting Management | Real-Time Project Budget & Analytic Cost Tracking in Odoo,MID,85,0,11583,0.0,0,Probuse Consulting Service Pvt. Ltd.
15,75,20,45,85,46,10,100,53,False,59.8,386,3317,Warehouse Stock Rotation Report Odoo,MID,85,1,5733,0.0,0,BROWSEINFO
15,60,20,65,85,46,10,100,53,False,50.8,5395,47571,POS Mobile Barcode Scanner | POS Mobile QRCode Scanner | Point Of Sale Mobile Barcode Scanner | Point Of Sale Mobile QRCode Scanner,MID,85,0,8424,0.0,0,Softhealer Technologies
15,75,20,45,85,66,10,100,58,False,64.3,446,4508,Journal Restriction on Users,MID,85,0,1170,0.0,0,Preway IT Solutions
35,60,20,65,85,46,10,50,48,False,53.1,49,477,Outgoing SMTP Mail Server Per User,MID,85,0,1755,0.0,0,Bizople Solutions Pvt. Ltd.
15,60,20,65,85,46,10,100,53,False,50.8,5395,47571,POS Product Sequence,MID,84,0,1170,0.0,0,Kanak Infosystems LLP.
15,60,20,45,85,67,10,100,56,False,67.3,4418,25377,AI Invoice OCR & PDF Invoice Data Extraction Automation for Odoo,LOSER,0,0,797,0.0,0,Vizion Tools
15,60,20,25,65,67,10,100,52,False,81.4,285,2436,AZ CNAE 2025,LOSER,0,0,4095,0.0,0,Rolan Benavent Talens
15,60,20,25,65,67,10,100,52,False,81.4,285,2436,AZ Custom Product Tabs,LOSER,0,0,1977,0.0,0,Rolan Benavent Talens
15,60,20,25,85,46,10,100,49,False,79.4,3114,10209,Account Cashflow,LOSER,0,0,23283,0.0,0,TKOpen
15,60,20,25,85,46,10,100,49,False,79.4,3114,10209,Account Cashflow & Approvals,LOSER,0,0,34866,0.0,0,TKOpen
15,60,20,65,85,47,10,100,54,False,48.1,1211,14223,Advance Batch Payslip,LOSER,0,0,2223,0.0,0,Craftsync Technologies
15,60,20,65,85,47,10,100,54,False,48.1,1211,14223,Advance Discount Tracking,LOSER,0,0,2500,0.0,0,Webkul Software Pvt. Ltd.
15,60,20,65,85,47,10,100,54,False,48.1,1211,14223,Advance Website Product Description | Website Product Variant Description | Website Product Description,LOSER,0,0,2000,0.0,0,Varanval IT Solutions
15,60,20,45,65,68,10,100,54,False,58.5,578,6701,Advanced Field-Level Security (ACL Plus),LOSER,0,0,6043,0.0,0,Daksh Solutions & Services
15,60,20,45,65,68,10,100,54,False,58.5,578,6701,Advanced WhatsApp Web Integration | Send Quotation | Send Invoice | Without Business API,LOSER,0,0,4875,0.0,0,Micra Digital
35,10,80,10,45,10,10,50,25,False,100.0,24,0,Agileconsulting Purchase Security,LOSER,0,0,99111,0.0,0,Agile Consulting
75,25,60,45,20,10,10,50,31,False,60.0,5,8,Album Gallery,LOSER,0,0,1170,0.0,0,Moval Agroingeniería
15,60,20,65,85,46,10,100,53,False,48.4,1578,23967,"All In one Bulk Confirm Order, Bulk Confirm Sale Order, Bulk Confirm Purchase Order, Bulk Confrim Repair Order, Mass Confirm multiple",LOSER,0,0,4446,0.0,0,DevIntelle Consulting Service Pvt.Ltd
15,40,20,45,85,53,10,50,43,False,62.1,58,137,Alternative Products,LOSER,0,0,4795,0.0,0,Seventh Dimension
15,40,20,45,85,53,10,50,43,False,62.1,58,137,Alternative detailed payslip design (for Odoo13 Enterprise),LOSER,0,0,8190,0.0,0,João Jerónimo
15,60,20,25,85,48,10,100,50,False,75.6,634,2065,Analytic Account Task,LOSER,0,0,25380,0.0,0,CLuedoo
15,60,20,25,85,48,10,100,50,False,75.6,634,2065,Analytic Line Type + Update analytic item On action/change,LOSER,0,0,10152,0.0,0,CLuedoo
15,60,20,45,85,46,10,100,51,False,58.3,516,2865,Attach XML to Purchase Order (Mexican Localization),LOSER,0,0,109093,0.0,0,Vauxoo
35,40,40,25,65,51,10,50,41,False,71.4,21,88,Audio on Create and Edit,LOSER,0,0,2223,0.0,0,Probuse Consulting Service Pvt. Ltd.
15,60,20,45,85,47,10,100,52,False,62.1,338,2412,Auth Signup Form,LOSER,0,0,1170,0.0,0,Futurelens
15,60,20,45,85,47,10,100,52,False,63.6,1752,9084,"Auto start ""Activity"" by ""Oportunity""",LOSER,0,0,5849,0.0,0,Unicoding
55,60,40,45,45,68,10,50,49,False,57.9,19,251,Autofill Contact Address,LOSER,0,0,9133,0.0,0,Namah Softech Pvt Ltd
15,90,20,45,85,45,10,100,55,False,68.3,278,1178,Automatic Partner Reference & Partner hierarchy view,LOSER,0,0,10152,0.0,0,CLuedoo
15,60,20,65,85,46,10,100,53,False,54.6,703,5702,"Back Order Notification YES/NO ""Community & Enterprise",LOSER,0,0,2339,0.0,0,Kit Solutions
90,10,80,50,45,10,10,50,35,False,100.0,1,0,Bdtask Microfinance,LOSER,0,0,65057,0.0,0,bdtask
55,40,80,45,20,47,10,100,47,False,57.1,14,79,BigQuery Connector Lite,LOSER,0,0,19901,0.0,0,Niyu Labs
15,60,20,65,85,47,10,100,54,False,51.6,622,4204,Bill approval security,LOSER,0,0,998,0.0,0,SageOre
75,25,60,65,20,10,10,50,33,False,50.0,8,20,Bing Photo of the Day Background,LOSER,0,0,584,0.0,0,PyProject
15,40,40,45,85,48,10,100,50,False,58.1,160,852,Booking,LOSER,0,0,3510,0.0,0,David Montero Crespo
15,75,20,45,85,46,10,50,46,False,64.5,166,924,Budget Invoice Alert,LOSER,0,0,9945,0.0,0,Alphasoft
35,10,60,10,45,10,10,50,24,False,100.0,4,0,Bugfree Sale Quotation Attachments (PDF Merge),LOSER,0,0,4857,0.0,0,Bugfree do Brasil
15,60,20,65,85,46,10,50,46,False,53.7,231,1061,Bulk Lot and Serial Number Generator,LOSER,0,0,2679,0.0,0,Dynexcel
35,40,20,45,65,47,10,100,48,False,65.9,41,139,Buy or Produce require stock,LOSER,0,0,5979,0.0,0,Amazing Apps
90,10,80,50,45,10,10,50,35,False,100.0,1,0,CCHI Insurance Integration KSA,LOSER,0,0,29793,0.0,0,NEZAM ERP
15,60,20,65,65,47,10,50,44,False,50.0,68,548,CERTIFICATE OF EMPLOYMENT,LOSER,0,0,4680,0.0,0,paiesoft.pro
55,40,80,45,20,79,10,50,47,False,66.7,9,85,CPQ Management - Base,LOSER,0,0,14900,0.0,0,Techvaria
15,60,20,45,85,46,10,100,51,False,68.6,874,4548,CRM Facebook Lead Integration,LOSER,0,0,8267,0.0,0,Rahul
15,60,20,45,85,46,10,100,51,False,68.6,874,4548,CRM Opportunity Products Multi Branches,LOSER,0,0,39780,0.0,0,Zero Systems
15,60,20,45,85,46,10,100,51,False,68.6,874,4548,CRM Stage Overview Group,LOSER,0,0,4200,0.0,0,Binary Bridge Technology Services
15,60,20,45,85,46,10,100,51,False,68.6,874,4548,CRM to Purchase Multi Branches,LOSER,0,0,51480,0.0,0,Zero Systems
35,10,80,10,45,10,10,50,25,False,100.0,4,0,CYO Shopify Order,LOSER,0,0,133380,0.0,0,Eauto Tech
55,40,60,45,20,10,10,50,31,False,66.7,15,24,Calibration Laboratory Management – Dashboard (OWL) | ISO 17025:2017 compliant,LOSER,0,0,95000,0.0,0,Binary Bridge Technology Services
15,75,20,45,85,46,10,100,53,False,63.0,154,791,Call Center WhatsApp - Customer Engagement & Sales Automation,LOSER,0,0,55575,0.0,0,Dustin Mimbela
15,75,20,45,85,46,10,100,53,False,63.0,154,791,Call History for Genesys Cloud,LOSER,0,0,736971,0.0,0,WesalCX
15,60,20,45,85,47,10,100,52,False,59.8,418,3350,Cash Receipt,LOSER,0,0,1588,0.0,0,LimaFac
90,10,80,50,45,10,10,50,35,False,100.0,1,0,Cathedis Delivery Integration,LOSER,0,0,16745,0.0,0,CDS Solutions SRL
15,60,20,45,65,49,10,100,50,False,68.4,256,1828,Chart of Accounts,LOSER,0,0,17550,0.0,0,Terrabit
15,40,20,45,85,50,10,100,49,False,63.7,386,1602,Chatter HTML Editor,LOSER,0,0,3255,0.0,0,Tuan Nguyen Van
15,75,20,45,85,45,10,100,53,False,61.1,664,3722,Check Stock,LOSER,0,0,5335,0.0,0,Jupical Technologies Pvt. Ltd.
90,10,80,50,45,10,10,50,35,False,100.0,1,0,Cobrar con Tarjeta mediante STRIPE en Ecuador,LOSER,0,0,3036,0.0,0,PJFlow.io
35,10,40,10,20,65,10,50,33,False,87.5,8,1,Commodity Contracts,LOSER,0,0,13217,0.0,0,Grevlin Global Corp.
15,75,20,25,85,46,10,50,44,False,74.0,354,793,Confirm Multiple Sale Orders,LOSER,0,0,1506,0.0,0,Namah Softech Private Limited
15,75,40,65,85,66,10,100,61,False,43.8,162,2775,Construction Operations | Site Operations Management System | Construction ERP Suite | Construction Project Management Suite,LOSER,0,0,86000,0.0,0,Binary Bridge Technology Services
15,60,20,45,85,46,10,100,51,False,66.7,600,1914,Contact group in reports,LOSER,0,0,24570,0.0,0,RL Software Development ApS
15,75,20,45,85,46,10,100,53,False,55.1,695,3663,Create Contact/Customer by Sales Agent | Agent-Initiated Customer Creation Website,LOSER,0,0,33813,0.0,0,Probuse Consulting Service Pvt. Ltd.
15,75,20,65,85,45,10,50,48,False,53.0,336,2814,Credit Management,LOSER,0,0,5507,0.0,0,Aktiv Software
15,60,20,65,85,46,10,100,53,False,54.7,2555,17832,Custom Kitchen Receipt,LOSER,0,0,9949,0.0,0,JakeTheMan
15,75,20,65,85,46,10,100,55,False,50.7,1666,13293,Customer Portal with Timesheets by Week,LOSER,0,0,6903,0.0,0,Probuse Consulting Service Pvt. Ltd.
75,25,80,45,45,65,10,50,47,False,57.1,7,7,Dachser Shipping Integration,LOSER,0,0,15913,0.0,0,Softhealer Technologies
15,60,20,45,85,46,10,100,51,False,62.2,1280,5991,Delivery EnvioClickPro Shipping,LOSER,0,0,14900,0.0,0,Synodica Solutions Pvt. Ltd.
15,60,20,45,85,46,10,100,51,False,62.2,1280,5991,Delivery Order by Sale Line,LOSER,0,0,1755,0.0,0,DevIntelle Consulting Service Pvt.Ltd
15,60,20,45,85,46,10,100,51,False,62.2,1280,5991,Delivery Route Manage. 送货线路管理,LOSER,0,0,49608,0.0,0,odooai.cn
90,10,60,50,45,10,10,50,34,False,100.0,1,0,Desglose tiempo personal empleado,LOSER,0,0,1004,0.0,0,Toh Soluciones Digitales
15,60,20,45,85,47,10,100,52,False,58.9,107,309,Digital Menu,LOSER,0,0,15933,0.0,0,Ahmed Magdy
15,60,20,45,65,68,10,100,54,False,59.4,320,5038,Direct Print,LOSER,0,0,9901,0.0,0,Synodica Solutions Pvt. Ltd.
35,10,60,10,20,65,10,100,41,False,88.9,9,1,Disallow edit price in sale order line,LOSER,0,0,2340,0.0,0,Kanak Infosystems LLP.
90,10,60,50,45,10,10,50,34,False,100.0,1,0,DooRules AI Connector,LOSER,0,0,584,0.0,0,Todooweb (www.todooweb.com)
75,10,60,25,45,10,10,50,30,False,75.0,8,2,Droit de timbre client - Algérie LF2025,LOSER,0,0,12870,0.0,0,Elosys
35,75,40,45,45,45,10,100,51,False,59.3,27,627,Dropbox Sync,LOSER,0,0,1404,0.0,0,ezway technology
15,60,20,45,85,47,10,100,52,False,59.1,1341,8873,EDI Related Documents,LOSER,0,0,9982,0.0,0,Vauxoo
15,60,20,65,85,69,10,100,58,False,51.3,398,2620,Ecommerce Common Connector,LOSER,0,0,2339,0.0,0,IniyaSoft Technologies
15,60,20,65,85,69,10,100,58,False,51.3,398,2620,Ecommerce New Product Requisition,LOSER,0,0,5499,0.0,0,Technaureus Info Solutions Pvt. Ltd.
15,60,20,45,85,46,10,100,51,False,57.2,1562,6957,Employee Birthday Wishes & Reminder,LOSER,0,0,1506,0.0,0,Namah Softech Private Limited
75,10,60,25,45,65,10,50,42,False,75.0,8,2,Engagement,LOSER,0,0,353087,0.0,0,DFW IT Partner
15,75,20,45,65,45,10,100,51,False,59.8,194,1906,Entry Generator,LOSER,0,0,6964,0.0,0,Ahmed Nour
35,40,20,10,20,10,10,50,24,False,94.1,34,21,Escalate Stale Apps,LOSER,0,0,1935,0.0,0,Majorbird
35,10,20,10,45,10,10,50,23,False,100.0,12,0,Escalate: Abandoned Cart,LOSER,0,0,1935,0.0,0,Majorbird
90,40,80,50,20,10,10,50,36,False,50.0,2,38,Etsy Store Management,LOSER,0,0,35581,0.0,0,ECOSIRE (PRIVATE) LIMITED
15,60,20,25,65,47,10,100,47,False,73.9,138,472,Extended Marketplace Connector,LOSER,0,0,111150,0.0,0,Terrabit
90,10,80,50,20,10,10,50,32,False,66.7,3,3,Fawry Website Payment,LOSER,0,0,19864,0.0,0,CDS Solutions SRL
35,40,20,45,65,10,10,50,33,False,65.6,32,47,Feedback Form,LOSER,0,0,1170,0.0,0,AppForge
15,60,20,25,85,46,10,100,49,False,73.0,904,4271,Field Revision Rollback,LOSER,0,0,1519,0.0,0,Nirav Rathod
15,60,20,25,85,47,10,100,50,False,70.2,1014,4443,Form View Edit & Discard Control,LOSER,0,0,1019,0.0,0,Nimmu Technologies
15,65,20,25,85,72,70,100,64,True,70.2,1014,4443,Form View Full Screen,LOSER,0,0,3411,0.0,0,Softhealer Technologies
90,10,80,50,45,10,10,50,35,False,100.0,1,0,Fruugo Store Management,LOSER,0,0,25385,0.0,0,ECOSIRE (PRIVATE) LIMITED
15,75,40,65,65,45,10,50,46,False,49.0,51,272,GD Stock Warehouse POS,LOSER,0,0,2498,0.0,0,Gustavo Cacharuco
35,25,80,65,45,59,10,50,43,False,53.8,39,108,GLS Denmark Shipping Integration,LOSER,0,0,14041,0.0,0,SoftHealer Technologies
90,10,60,50,45,10,10,50,34,False,100.0,1,0,Geographical Sale Dashboard,LOSER,0,0,1287,0.0,0,BeyonData Solutions Private Limited
15,60,20,25,85,47,10,100,50,False,73.4,1393,4063,HR Idea Junction,LOSER,0,0,17550,0.0,0,KTree Computer Solutions India (P) Ltd
15,60,20,25,85,47,10,100,50,False,73.4,1393,4063,HR Leave Management,LOSER,0,0,11858,0.0,0,PT Teknologi Inovasi Labs
55,40,80,85,45,49,10,50,47,False,29.4,17,175,Healthcare Ambulance Service,LOSER,0,0,15210,0.0,0,Sitaram
15,75,20,45,85,45,10,100,53,False,57.1,480,3242,Helpdesk Pro,LOSER,0,0,17433,0.0,0,Adil Akbar
75,25,80,65,20,10,10,50,34,False,50.0,8,10,Hesabe Payment Provider,LOSER,0,0,14923,0.0,0,Bahey Wadea
15,60,20,45,85,47,10,100,52,False,55.5,876,5169,Hide Create/Edit Buttons,LOSER,0,0,1170,0.0,0,DP InfoSol
15,60,20,45,85,47,10,100,52,False,55.5,876,5169,Hide Invoice Bill Description,LOSER,0,0,1170,0.0,0,DevIntelle Consulting Service Pvt.Ltd
15,60,20,45,85,47,10,100,52,False,55.5,876,5169,Hide OdooBot User | Hide Root User,LOSER,0,0,1170,0.0,0,Khaled Hassan
15,60,20,45,85,47,10,100,52,False,55.5,876,5169,Hide Price and Cart button,LOSER,0,0,2497,0.0,0,Jony Ghosh
15,60,20,45,85,47,10,100,52,False,55.5,876,5169,Hide description of products in Purchase,LOSER,0,0,1170,0.0,0,Piotr Cierkosz
15,60,40,85,85,48,10,100,57,False,40.0,125,3982,Hospital Emergency Management App,LOSER,0,0,12285,0.0,0,Edge Technologies
35,10,80,10,45,10,10,50,25,False,100.0,17,0,ITSM Pro: Incident Management,LOSER,0,0,122616,0.0,0,Genin IT
15,75,20,45,85,46,10,100,53,False,57.9,1130,11108,Import Sales Order,LOSER,0,0,1991,0.0,0,Uncanny Consulting Services LLP
35,60,40,45,65,10,10,50,36,False,55.6,27,116,Instant Lead Notification,LOSER,0,0,34983,0.0,0,rising systems AG
15,60,20,65,85,46,10,100,53,False,53.1,867,10305,Inventory Insight Report,LOSER,0,0,9839,0.0,0,SkyERP
15,60,20,65,85,46,10,100,53,False,53.1,867,10305,Inventory Valuation Statistics,LOSER,0,0,2924,0.0,0,Geminate Consultancy Services
15,75,20,45,85,46,10,100,53,False,62.5,3305,22719,Invoice Analysis Extension,LOSER,0,0,4095,0.0,0,Jupical Technologies Pvt. Ltd.
15,75,20,45,85,46,10,100,53,False,62.5,3305,22719,Invoice Multilevel Approvals,LOSER,0,0,10019,0.0,0,KoderXpert Technologies LLP
15,75,20,45,85,46,10,100,53,False,62.5,3305,22719,Invoice Payment Due History,LOSER,0,0,3861,0.0,0,Albin John
15,75,20,45,85,46,10,100,53,False,62.5,3305,22719,Invoice XLSX,LOSER,0,0,3510,0.0,0,Alphasoft
15,90,20,25,45,10,10,100,41,False,70.9,127,745,Issue Tracker,LOSER,0,0,1065,0.0,0,Ajay Kumar Ravidas
35,10,80,10,45,10,10,50,25,False,100.0,11,0,Japan Employee Profile,LOSER,0,0,70083,0.0,0,Serpent Consulting Services Pvt. Ltd.
75,40,80,25,20,10,10,50,32,False,75.0,4,37,Jewelry Info,LOSER,0,0,25390,0.0,0,Trinh Hiep Hoa
15,25,20,10,85,65,10,50,40,False,89.0,109,17,Kaizen Hr Evaluation,LOSER,0,0,2538,0.0,0,Kaizen Principles
15,25,20,10,85,65,10,50,40,False,89.0,109,17,Kaizen – Geolocation Map Widget (Contacts),LOSER,0,0,2335,0.0,0,Kaizen Principles
90,10,60,50,45,10,10,50,34,False,100.0,1,0,Khmer Unicode for order and invoice pdf,LOSER,0,0,2995,0.0,0,V Technologies
15,60,20,85,85,46,10,100,55,False,35.8,120,1890,Kitchen Display Screen,LOSER,0,0,4955,0.0,0,Insightful ERP Solution
90,10,60,50,45,10,10,50,34,False,100.0,1,0,LSS POS Validator Stock,LOSER,0,0,2023,0.0,0,Luis Alberto Ramirez Gamez
15,60,20,45,85,48,10,100,52,False,61.4,373,1826,Lead Custom Fields | Custom Fields in Odoo,LOSER,0,0,1287,0.0,0,DevIntelle Consulting Service Pvt.Ltd
15,40,40,25,45,48,10,100,43,False,84.5,58,60,Library Management System,LOSER,0,0,7718,0.0,0,Softhealer Technologies
35,60,40,25,20,46,10,100,44,False,77.1,35,138,Life Insurance Policy & Agent Management in Odoo,LOSER,0,0,12000,0.0,0,Reliution
35,40,20,45,65,47,10,50,41,False,57.9,38,152,Logout Alert,LOSER,0,0,15349,0.0,0,Harhu
90,10,60,50,45,10,10,50,34,False,100.0,2,0,M-Invoice Electronic Invoice Integration,LOSER,0,0,2039,0.0,0,James
15,60,20,25,85,67,10,100,54,False,72.0,3152,15693,MO Status Management & Tracking,LOSER,0,0,5900,0.0,0,Webkul Software Pvt. Ltd.
15,75,20,25,85,46,10,100,51,False,80.1,840,2102,MRP BoM Cost Price,LOSER,0,0,750,0.0,0,CodeSphere Tech
15,75,20,45,85,45,10,50,46,False,58.5,275,1456,Maintenance Request Report,LOSER,0,0,819,0.0,0,Heliconia Solutions Pvt. Ltd.
55,40,80,65,65,10,10,50,39,False,42.1,19,46,Malaysia Base Setup,LOSER,0,0,23283,0.0,0,Serpent Consulting Services Pvt. Ltd.
15,60,20,45,85,70,10,100,57,False,57.9,95,834,Marketing Countdown Timers,LOSER,0,0,23400,0.0,0,Barameg
15,60,20,65,85,46,10,50,46,False,53.7,369,2463,Merge Invoice,LOSER,0,0,10152,0.0,0,CLuedoo
15,60,20,65,85,46,10,50,46,False,53.7,369,2463,Merge Invoices,LOSER,0,0,2510,0.0,0,Namah Softech Private Limited
35,60,40,25,20,47,10,50,37,False,77.3,22,177,Milestone Based Billing for Purchase Orders,LOSER,0,0,1755,0.0,0,Hamdek
15,60,20,65,85,46,10,100,53,False,50.0,232,2552,"Mobile Footer Navigator,QRCode,Global header search.网站移动端全面增强",LOSER,0,0,11466,0.0,0,odooai.cn
15,60,20,65,85,46,10,100,53,False,50.0,232,2552,Mobile Repair Management,LOSER,0,0,10296,0.0,0,DevIntelle Consulting Service Pvt.Ltd
15,60,20,65,85,47,10,100,54,False,53.4,2324,20333,Multi Barcode for POS and Sale with import multi Barcode(Community & Enterprise),LOSER,0,0,1755,0.0,0,MAISOLUTIONSLLC
15,60,20,65,85,47,10,100,54,False,53.4,2324,20333,Multi Branch Planning Management | Multiple Branch Unit for Planning | Manage Multiple Branch for Planning,LOSER,0,0,5733,0.0,0,BROWSEINFO
15,60,20,65,85,47,10,100,54,False,53.4,2324,20333,Multi Product Quick Import(Sales),LOSER,0,0,8190,0.0,0,Kanak Infosystems LLP.
15,60,20,65,85,47,10,100,54,False,53.4,2324,20333,Multi UoM Inventory Comparison Report XLSX,LOSER,0,0,3510,0.0,0,Serpent Consulting Services Pvt. Ltd.
75,10,80,25,20,10,10,50,28,False,75.0,4,1,NBE Payment Acquirer,LOSER,0,0,29250,0.0,0,Eslam Ahmed
90,10,60,50,45,10,10,50,34,False,100.0,1,0,Ninebox Chart | Employee NineBox | Ninebox Employee | NineBox | HR Employee Ninebox,LOSER,0,0,1872,0.0,0,AVERIANS
15,40,20,45,65,58,10,100,49,False,69.8,126,499,OE Accounting: CardConnect ACH,LOSER,0,0,6435,0.0,0,Odoo Engineering LLC
15,40,20,45,65,58,10,100,49,False,69.8,126,499,OE Accounting: CardConnect Integration,LOSER,0,0,6435,0.0,0,Odoo Engineering LLC
55,60,80,45,20,46,10,50,42,False,66.7,9,136,OSIS Account Payment Register,LOSER,0,0,19799,0.0,0,Osis technologie
15,60,20,65,85,67,10,100,58,False,46.2,4170,77744,Odoo Data Migration JSON-RPC,LOSER,0,0,4995,0.0,0,SageOre
15,60,20,65,85,67,10,100,58,False,46.2,4170,77744,Odoo NBOX Integration,LOSER,0,0,40158,0.0,0,Three Dot Solutions
15,60,20,65,85,67,10,100,58,False,46.2,4170,77744,Odoo User Change Audit,LOSER,0,0,10087,0.0,0,Projects21 ai
15,60,20,65,85,67,10,100,58,False,46.2,4170,77744,Odoo White label,LOSER,0,0,10025,0.0,0,Dakon
15,60,20,65,85,67,10,100,58,False,46.2,4170,77744,"Odoo Woocommerce connector for synchronize category, products, orders data, Multiple Woocommerce store connection, Cron Jobs",LOSER,0,0,11950,0.0,0,Axis Technolabs
15,60,20,65,85,67,10,100,58,False,46.2,4170,77744,Odoo eLearning Solution with Mobile Apps - Skillika,LOSER,0,0,40892,0.0,0,EKIKA
55,40,60,65,20,49,10,50,41,False,50.0,12,50,Official Paytrail Payment Acquirer,LOSER,0,0,11583,0.0,0,Rightshore Consulting
35,60,40,85,85,47,10,50,51,False,40.0,40,181,Offline Invoice,LOSER,0,0,8975,0.0,0,Lebowski
35,25,60,25,65,10,10,50,30,False,75.0,24,15,Opencloud purchase order lines views,LOSER,0,0,4563,0.0,0,Opencloud
55,60,80,45,45,49,10,50,46,False,60.0,10,87,Openpay Payment Connector | Openpay Payment Acquirer | Openpay Payment Gateway,LOSER,0,0,9243,0.0,0,BROWSEINFO
15,75,20,45,85,46,10,100,53,False,55.9,564,4138,PDF Report Preview,LOSER,0,0,2925,0.0,0,Acespritech Solutions Pvt. Ltd.
15,75,20,45,85,46,10,100,53,False,55.9,564,4138,PDF Template Merge,LOSER,0,0,3984,0.0,0,Evozard
90,10,60,50,20,10,10,50,31,False,66.7,3,4,PO/SO Report,LOSER,0,0,3847,0.0,0,EBITDA SOLUTIONS LLP
15,60,20,65,85,46,10,100,53,False,50.8,5395,47571,POS Button Access Control,LOSER,0,0,2000,0.0,0,Codusic Technology
15,60,20,65,85,46,10,100,53,False,50.8,5395,47571,POS Clear & Remove Lines,LOSER,0,0,500,0.0,0,Odoo GlobalOps
15,60,20,65,85,46,10,100,53,False,50.8,5395,47571,POS Discount Restrict,LOSER,0,0,2518,0.0,0,Kaizen Principles
15,60,20,65,85,46,10,100,53,False,50.8,5395,47571,POS Hide Product Info,LOSER,0,0,585,0.0,0,Odoo Hub
15,60,20,65,85,46,10,100,53,False,50.8,5395,47571,POS Items & Quantity Counter,LOSER,0,0,398,0.0,0,Evvotech Infinite Possibilities
15,60,20,65,85,46,10,100,53,False,50.8,5395,47571,POS Items Count,LOSER,0,0,505,0.0,0,Leo Daniel FS
15,60,20,65,85,46,10,100,53,False,50.8,5395,47571,POS MealVoucher Paiement,LOSER,0,0,11583,0.0,0,Icloud Solutions
15,60,20,65,85,46,10,100,53,False,50.8,5395,47571,"POS Multi-UOM, Scan & Select Lot, Used in a real pharmacy chain",LOSER,0,0,12225,0.0,0,Hieu Hoang
15,60,20,65,85,46,10,100,53,False,50.8,5395,47571,POS Payment Reference,LOSER,0,0,1000,0.0,0,QoriTech
15,60,20,65,85,46,10,100,53,False,50.8,5395,47571,POS Product History || Product POS Order History || POS Order History || Product Point of Sale History,LOSER,0,0,1013,0.0,0,OMAX Informatics
15,60,20,65,85,46,10,100,53,False,50.8,5395,47571,POS Product Stock Display (On-Hand / Forecast),LOSER,0,0,1012,0.0,0,Sunray Datalinks
15,60,20,65,85,46,10,100,53,False,50.8,5395,47571,POS RMA,LOSER,0,0,9901,0.0,0,Webkul Software Pvt. Ltd.
15,60,20,65,85,46,10,100,53,False,50.8,5395,47571,POS Receipt Flexible,LOSER,0,0,8775,0.0,0,TL Technology
15,60,20,65,85,46,10,100,53,False,50.8,5395,47571,POS Receipt Invoice Report,LOSER,0,0,1404,0.0,0,Omega System
15,60,20,65,85,46,10,100,53,False,50.8,5395,47571,POS Serial/Lot Number Required,LOSER,0,0,1493,0.0,0,Softarena
15,60,20,65,85,46,10,100,53,False,50.8,5395,47571,POS Swipe to Delete Order Line,LOSER,0,0,1000,0.0,0,Nezam
15,75,20,65,85,45,10,100,55,False,52.9,329,2223,PPE - Personal Protective Equipment Management,LOSER,0,0,1989,0.0,0,XFanis
15,60,20,25,85,46,10,100,49,False,81.6,1700,4023,Partner Account,LOSER,0,0,5265,0.0,0,Alphasoft
15,60,20,25,85,46,10,100,49,False,81.6,1700,4023,Partner Share Holder,LOSER,0,0,11688,0.0,0,T.V.T Marine Automation (aka TVTMA)
15,60,20,25,85,46,10,100,49,False,81.6,1700,4023,Partner not Archive Delete MFH,LOSER,0,0,11583,0.0,0,Marlon Falcon Hernandez
15,60,20,45,85,46,10,100,51,False,58.6,2983,16994,"Payment Due Date difference in Days for Invoice, Bill, Credit Note, Receipt, Refund",LOSER,0,0,4520,0.0,0,OMAX Informatics
15,60,20,45,85,46,10,100,51,False,58.6,2983,16994,Payment Filters,LOSER,0,0,936,0.0,0,Softhealer Technologies
15,60,20,45,85,46,10,100,51,False,58.6,2983,16994,Payment Provider: PayU,LOSER,0,0,6000,0.0,0,Gritxi Technologies Pvt. Ltd.
15,75,20,65,85,45,10,50,48,False,53.1,262,1131,Payslip Batches Type Enterprise,LOSER,0,0,7675,0.0,0,Openinside
35,60,60,45,65,49,10,50,46,False,57.9,38,571,Pharmacy WhatsApp Notification (Enterprise Edition),LOSER,0,0,16501,0.0,0,Almighty Consulting Solutions Pvt. Ltd.
35,10,60,10,45,10,10,50,24,False,100.0,5,0,Philippines - Attendance,LOSER,0,0,151804,0.0,0,Osynx Solutions
15,60,20,65,85,46,10,100,53,False,50.8,5395,47571,PoS Receipt Design | POS Custom Receipt Layouts,LOSER,0,0,1989,0.0,0,PyBeans
15,60,20,65,85,46,10,100,53,False,51.0,734,7497,Point of Sale Analysis Dates,LOSER,0,0,5849,0.0,0,Geminate Consultancy Services
15,60,20,45,85,47,10,50,44,False,55.2,801,3599,Portal Sales Order - Create Quotation from Portal,LOSER,0,0,10530,0.0,0,Bizople Solutions Pvt. Ltd.
15,65,20,45,65,74,70,50,56,True,60.0,60,124,Prevent Edit/Delete Messages,LOSER,0,0,700,0.0,0,BEC-EG
15,75,20,65,85,67,10,100,60,False,52.8,963,10459,Print Fleet Report PDF,LOSER,0,0,1053,0.0,0,Probuse Consulting Service Pvt. Ltd.
15,75,20,65,85,67,10,100,60,False,52.8,963,10459,Print Planning Slot in PDF Format,LOSER,0,0,1053,0.0,0,Probuse Consulting Service Pvt. Ltd.
15,75,20,65,85,67,10,100,60,False,52.8,963,10459,Print Product Barcode Labels(24 Labels/Page) (Product/Template/Purchase/Picking),LOSER,0,0,5850,0.0,0,TidyWay
35,75,20,45,45,46,10,50,43,False,63.4,41,295,Private Thread,LOSER,0,0,2740,0.0,0,AppsFolio
15,60,20,45,85,46,10,100,51,False,62.4,6551,41572,Product Barcode Lookup | Barcode Lookup | Product Barcode,LOSER,0,0,2933,0.0,0,Technoverse Systems
15,60,20,45,85,46,10,100,51,False,62.4,6551,41572,Product Size Chart,LOSER,0,0,2340,0.0,0,Atharva System
15,60,20,45,85,46,10,100,51,False,62.4,6551,41572,Product Standard Price Access - Accountant,LOSER,0,0,1158,0.0,0,T.V.T Marine Automation (aka TVTMA)
15,60,20,45,85,46,10,100,51,False,62.4,6551,41572,Product Variant Display in POS,LOSER,0,0,5122,0.0,0,BeyonData Solutions Private Limited
15,60,20,45,85,46,10,100,51,False,62.4,6551,41572,Product revaluation with SN/Lot v18,LOSER,0,0,25380,0.0,0,CLuedoo
15,60,20,45,85,46,10,100,51,False,62.4,6551,41572,Product to PDF,LOSER,0,0,4095,0.0,0,Broditech Solutions S.L.
15,75,20,45,85,46,10,100,53,False,67.2,1478,8780,Project Assigned Internal Users Management,LOSER,0,0,2500,0.0,0,Odoo GlobalOps
15,75,20,45,85,46,10,100,53,False,67.2,1478,8780,Project Overview,LOSER,0,0,71955,0.0,0,ticinoWEB
15,75,20,45,85,46,10,100,53,False,67.2,1478,8780,Project Task archive documents,LOSER,0,0,2223,0.0,0,BADEP
15,75,20,45,85,46,10,100,53,False,67.2,1478,8780,Project Team,LOSER,0,0,2008,0.0,0,Namah Softech Private Limited
15,75,20,45,85,45,10,50,46,False,58.6,99,627,Promotion Voucher - Vietnam Accounting,LOSER,0,0,8845,0.0,0,T.V.T Marine Automation (aka TVTMA)
15,60,20,25,65,47,10,50,40,False,75.0,112,282,Public Employee Birthday Filters,LOSER,0,0,5686,0.0,0,T.V.T Marine Automation (aka TVTMA)
15,75,20,45,85,46,10,100,53,False,62.9,3370,20091,Purchase Award Letter | Purchase Latter,LOSER,0,0,2340,0.0,0,DevIntelle Consulting Service Pvt.Ltd
